symbol,timestamp,open,high,low,close,volume,trade_count,vwap,SMA_20,EMA_20,RSI_14,MACD,MACD_SIGNAL,MACD_HIST,ATR_14
SPY,2023-01-03 05:00:00,384.37,386.43,377.831,380.82,74850731.0,590240.0,380.745269,,,,,,,
SPY,2023-01-04 05:00:00,383.18,385.88,380.0,383.76,85934098.0,632808.0,383.265078,,,,,,,
SPY,2023-01-05 05:00:00,381.72,381.84,378.76,379.38,76970456.0,530899.0,380.035868,,,,,,,
SPY,2023-01-06 05:00:00,382.61,389.25,379.4127,388.08,104026233.0,685781.0,385.902328,,,,,,,
SPY,2023-01-09 05:00:00,390.37,393.7,387.67,387.86,73978071.0,549428.0,390.656766,,,,,,,
SPY,2023-01-10 05:00:00,387.25,390.65,386.27,390.58,65358094.0,471959.0,389.040646,,,,,,,
SPY,2023-01-11 05:00:00,392.23,395.6,391.38,395.52,68881080.0,452704.0,393.616153,,,,,,,
SPY,2023-01-12 05:00:00,396.67,398.485,392.42,396.96,90157699.0,665043.0,396.309109,,,,,,,
SPY,2023-01-13 05:00:00,393.62,399.1,393.34,398.5,63859516.0,467201.0,396.718299,,,,,,,
SPY,2023-01-17 05:00:00,398.48,400.23,397.06,397.77,62677281.0,437654.0,398.242945,,,,,,,
SPY,2023-01-18 05:00:00,399.01,400.12,391.28,391.49,99632262.0,642981.0,394.70018,,,,,,,
SPY,2023-01-19 05:00:00,389.36,391.08,387.26,388.64,86958919.0,548675.0,389.190535,,,,,,,
SPY,2023-01-20 05:00:00,390.1,396.04,388.38,395.88,91540638.0,504225.0,392.969496,,,,,,,
SPY,2023-01-23 05:00:00,396.72,402.645,395.72,400.63,84178797.0,568459.0,400.082313,,,,,,,
SPY,2023-01-24 05:00:00,398.88,401.15,397.64,400.2,59524911.0,434104.0,399.84265,,,69.71114727420668,,,,5.881428571428578
SPY,2023-01-25 05:00:00,395.95,400.7,393.56,400.35,84800251.0,583223.0,397.312324,,,69.81034966780003,,,,5.9713265306122505
SPY,2023-01-26 05:00:00,403.13,404.92,400.03,404.75,72287425.0,521284.0,402.67866,,,72.64099659264126,,,,5.894088921282807
SPY,2023-01-27 05:00:00,403.655,408.16,403.44,405.68,68270538.0,494449.0,405.931049,,,73.21270094775298,,,,5.8102254269054665
SPY,2023-01-30 05:00:00,402.8,405.13,400.28,400.59,74202018.0,514525.0,402.146956,,,65.18422269562933,,,,5.780923610697935
SPY,2023-01-31 05:00:00,401.13,406.53,400.77,406.48,86811786.0,512621.0,404.063925,394.6960000000001,394.6960000000001,69.36999898226385,,,,5.792286209933797
SPY,2023-02-01 05:00:00,405.211,413.67,402.35,410.8,101459155.0,833210.0,407.75213,396.1950000000001,396.22971428571435,72.02644343513883,,,,6.18712290922424
SPY,2023-02-02 05:00:00,414.86,418.31,412.88,416.78,101654463.0,724700.0,415.630859,397.8460000000001,398.18688435374156,75.22901683780519,,,,6.281614129993938
SPY,2023-02-03 05:00:00,411.59,416.97,411.09,412.35,94630250.0,662995.0,413.730363,399.49450000000013,399.5357525105281,68.93300091990713,,,,6.2529274064229465
SPY,2023-02-06 05:00:00,409.79,411.29,408.1,409.83,60295325.0,461546.0,409.912605,400.5820000000001,400.51615703333493,65.57117740085565,,,,6.109861163107022
SPY,2023-02-07 05:00:00,408.87,416.49,407.57,415.19,90990745.0,695519.0,411.944012,401.9485000000001,401.913665887303,69.03078509128542,,,,6.310585365742235
SPY,2023-02-08 05:00:00,413.13,414.53,409.93,410.65,76227462.0,529228.0,411.627628,402.9520000000001,402.7456977075599,63.23468607122731,,,,6.235543553903503
SPY,2023-02-09 05:00:00,414.41,414.57,405.81,407.09,78694859.0,566609.0,409.784453,403.53050000000013,403.1594407830304,59.0479405249042,,,,6.415861871481824
SPY,2023-02-10 05:00:00,405.86,408.44,405.01,408.04,70726597.0,488396.0,406.937113,404.0845000000001,403.62425594655133,59.812602291253135,,,,6.202586023518838
SPY,2023-02-13 05:00:00,408.72,412.97,408.24,412.83,64913539.0,426599.0,411.58948,404.8010000000001,404.5009934754512,63.512071586239735,,,,6.111687021838921
SPY,2023-02-14 05:00:00,411.24,415.05,408.511,412.64,88389313.0,627808.0,411.963394,405.5445000000001,405.27613695397963,63.26329807141754,,,,6.142209377421854
SPY,2023-02-15 05:00:00,410.35,414.06,409.47,413.98,61685279.0,427502.0,412.009387,406.66900000000015,406.10507629169587,64.32463237559364,,,,6.0313372790345765
SPY,2023-02-16 05:00:00,408.79,412.91,408.14,408.28,76431469.0,583413.0,410.355226,407.6510000000001,406.3122118829629,56.806578861543564,,,,6.017670330532108
SPY,2023-02-17 05:00:00,406.06,407.51,404.05,407.26,89166502.0,561230.0,405.822796,408.22000000000014,406.4024774179188,55.555273263546354,,,,5.889979592636955
SPY,2023-02-21 05:00:00,403.06,404.16,398.82,399.09,82655924.0,559129.0,400.691052,408.14300000000014,405.70605099716465,46.68479945007767,4.554849795241694,7.070477243957182,-2.515627448715488,6.072123907448601
SPY,2023-02-22 05:00:00,399.52,401.13,397.02,398.54,83742293.0,568097.0,398.939363,408.0600000000001,405.0235699498156,46.150574754318455,3.4854115715867238,6.35346410948309,-2.868052537896366,5.9319721997737025
SPY,2023-02-23 05:00:00,401.56,402.2,396.25,400.66,96242399.0,740996.0,399.539795,408.0755000000001,404.607991859357,48.59250234621817,2.7769296405569435,5.638157215697861,-2.8612275751409175,5.933259899789866
SPY,2023-02-24 05:00:00,395.42,397.25,393.64,396.38,108144871.0,753684.0,395.377676,407.6570000000001,403.8243735870373,44.231594615141375,1.8487807813107224,4.880281928820433,-3.0315011475097107,6.010884192662021
SPY,2023-02-27 05:00:00,399.87,401.29,396.75,397.73,80444736.0,592301.0,398.74887,407.2595000000001,403.2439570549385,45.881385818012156,1.2082222074704418,4.145869984550435,-2.9376477770799934,5.932249607471879
SPY,2023-02-28 05:00:00,397.23,399.28,396.15,396.26,96438567.0,600688.0,397.587043,407.0430000000001,402.5788182878015,44.34310677319949,0.5753262056585413,3.4317612287720562,-2.856435023113515,5.732088921223887
SPY,2023-03-01 05:00:00,395.41,396.69,393.38,394.74,99706823.0,699148.0,394.998211,406.45600000000013,401.83226416515373,42.747165677993436,-0.04834247046932205,2.7357404889237804,-2.7840829593931025,5.559082569707895
SPY,2023-03-02 05:00:00,392.68,398.69,392.33,397.81,85404726.0,612512.0,395.376373,405.80650000000014,401.44919138752005,46.90372750493294,-0.29152057888330773,2.130288275362363,-2.4218088542456706,5.616290957585903
SPY,2023-03-03 05:00:00,399.71,404.45,399.03,404.19,90032260.0,642924.0,402.193907,405.17700000000013,401.7102207791848,54.325064938475066,0.03022330288786179,1.7102752808674626,-1.6800519779796008,5.689413032044052
SPY,2023-03-06 05:00:00,405.05,407.45,404.01,404.47,72795946.0,539397.0,405.601533,404.78300000000013,401.9730568954529,54.624814526111734,0.3042935999691281,1.4290789446877956,-1.1247853447186675,5.528740672612334
SPY,2023-03-07 05:00:00,404.42,404.67,397.625,398.27,108310596.0,776311.0,400.153357,404.2050000000001,401.62038481017163,47.233096149445295,0.0209664127824567,1.1474564383067278,-1.1264900255242711,5.637044910282882
SPY,2023-03-08 05:00:00,398.39,399.71,396.59,398.92,74746632.0,578078.0,398.186276,403.3915000000001,401.363205304441,48.027129044752904,-0.14940065880574593,0.8880850188842331,-1.037485677689979,5.45725598811982
SPY,2023-03-09 05:00:00,399.74,401.48,390.53,391.56,111945322.0,849092.0,395.581285,402.4370000000002,400.42956670401804,40.58073618718755,-0.8682990692090016,0.5368082012655861,-1.4051072704745877,5.849594846111264
SPY,2023-03-10 05:00:00,390.99,393.16,384.32,385.91,189443810.0,1382948.0,388.153271,401.37800000000016,399.0467508274449,35.970143039521396,-1.8723556691635963,0.054975427179749625,-1.9273310963433459,6.063195214246177
SPY,2023-03-13 04:00:00,381.81,390.39,380.65,385.36,157748594.0,1390572.0,386.165088,400.24400000000014,397.7432507486406,35.546757717078584,-2.6815469577985027,-0.4923290498159008,-2.1892179079826017,6.3258241275143074
SPY,2023-03-14 04:00:00,390.5,393.45,387.05,391.73,149752357.0,1032582.0,390.723432,399.18900000000014,397.17056020115103,43.797792759842984,-2.77682164880531,-0.9492275696137826,-1.8275940791915273,6.451836689834712
SPY,2023-03-15 04:00:00,385.89,389.49,383.71,389.28,172976539.0,1334145.0,386.723831,398.0210000000001,396.4190782772319,41.59238536653741,-3.0152639662744036,-1.3624348489459068,-1.6528291173284968,6.563848354846521
SPY,2023-03-16 04:00:00,386.82,396.47,386.29,396.11,143753940.0,999801.0,392.935123,397.1275000000001,396.38964225082884,49.26254777681193,-2.622872460402334,-1.6145223712371923,-1.0083500891651418,6.822144900928913
SPY,2023-03-17 04:00:00,393.22,394.4,388.55,389.99,140069974.0,919378.0,390.746594,396.2130000000001,395.7801525126547,43.72202482564519,-2.773758061666058,-1.8463695093229655,-0.9273885523430925,6.874848836576847
SPY,2023-03-20 04:00:00,390.8,394.17,390.07,393.74,93055783.0,725425.0,392.564275,395.5370000000001,395.58585227335425,47.61019446298939,-2.5612181987055465,-1.9893392471994817,-0.5718789515060647,6.682359633964216
SPY,2023-03-21 04:00:00,397.24,399.41,395.58,398.91,91524248.0,629617.0,397.454895,395.5280000000001,395.90243777113005,52.48422775912276,-1.953089038850976,-1.9820892055297805,0.02900016667880445,6.610048231538202
SPY,2023-03-22 04:00:00,398.73,402.49,392.07,392.11,111746583.0,874190.0,397.986282,395.20650000000006,395.5412532214986,46.37323024481354,-1.9968272863854395,-1.9850368217009122,-0.011790464684527269,6.882187643571188
SPY,2023-03-23 04:00:00,395.09,399.29,390.35,393.17,119351319.0,871935.0,394.846128,394.83200000000005,395.3154195813559,47.40134030602949,-1.9237808730704273,-1.9727856319748152,0.049004758904387824,7.02917424045896
SPY,2023-03-24 04:00:00,391.841,395.84,389.4,395.75,107684280.0,806051.0,392.872352,394.80050000000006,395.35680819265536,49.91807540301433,-1.6388153826034682,-1.9059915821005458,0.2671761994970776,6.987090366140462
SPY,2023-03-27 04:00:00,398.12,398.92,395.56,396.49,74010408.0,569544.0,397.047641,394.73850000000004,395.4647312219263,50.64748059932794,-1.3378445238888048,-1.7923621704581976,0.45451764656939275,6.728012482844716
SPY,2023-03-28 04:00:00,395.77,396.49,393.69,395.6,62871680.0,494862.0,395.150028,394.70550000000003,395.4776139626952,49.709762070255245,-1.1577922041107627,-1.6654481771887106,0.507655973077948,6.447440162641523
SPY,2023-03-29 04:00:00,399.925,401.6,398.68,401.35,77497876.0,553838.0,400.203727,395.03600000000006,396.03688882339094,55.44877054207825,-0.5448418999643536,-1.4413269217438391,0.8964850217794855,6.415480151024271
SPY,2023-03-30 04:00:00,404.09,404.35,401.76,403.7,69840049.0,516344.0,403.277749,395.33050000000003,396.76670893544895,57.57943156037274,0.12906323177389822,-1.1272488910402916,1.2563121228141898,6.171517283093967
SPY,2023-03-31 04:00:00,404.66,409.7,404.55,409.39,111956715.0,694257.0,407.434197,395.5905000000001,397.96892713207285,62.28293671871945,1.109483910693882,-0.6799023306934568,1.789386241387339,6.159266048587255
SPY,2023-04-03 04:00:00,408.85,411.37,408.44,410.95,67391097.0,569791.0,409.98359,395.91450000000003,399.20521978616114,63.47854850014758,1.9894205234010656,-0.14603775987455236,2.135458283275618,5.92860418797388
SPY,2023-04-04 04:00:00,411.62,411.92,407.24,408.67,66601534.0,537050.0,409.142902,396.4345,400.10662742557435,60.461871359328256,2.474277749614373,0.3780253420232328,2.09625240759114,5.839418174547175
SPY,2023-04-05 04:00:00,407.91,408.7,405.88,407.6,65200243.0,524249.0,407.224848,396.86850000000004,400.820281956472,59.04376277652855,2.7405986220081218,0.8505399980202106,1.8900586239879111,5.623745447793804
SPY,2023-04-06 04:00:00,406.77,409.48,405.678,409.19,63743345.0,482110.0,407.996383,397.75,401.61739796061755,60.525405879917784,3.0448602898720765,1.2894040563905838,1.7554562334814927,5.493620772951391
SPY,2023-04-10 04:00:00,406.61,409.69,405.97,409.61,63681042.0,468057.0,407.832289,398.935,402.37859815484444,60.92750355663108,3.28204694942508,1.687932634997483,1.594114314427597,5.366933574883432
SPY,2023-04-11 04:00:00,410.26,411.18,408.92,409.72,59297945.0,402951.0,410.065427,400.153,403.0777792829545,61.03943888347033,3.439249637685407,2.038196035535068,1.401053602150339,5.145009748106043
SPY,2023-04-12 04:00:00,411.87,412.17,407.44,408.05,86420379.0,639356.0,409.703665,400.969,403.5513241131493,58.30835361495007,3.3900010357505153,2.3085570355781573,1.081444000172358,5.115366194669898
SPY,2023-04-13 04:00:00,409.18,413.84,407.9922,413.47,85814754.0,566796.0,411.780016,402.17850000000004,404.495959911897,63.946537159292525,3.7451481306932237,2.5958752546011707,1.149272876092053,5.167682895050616
SPY,2023-04-14 04:00:00,412.81,415.09,410.06,412.46,78135828.0,592073.0,412.133862,402.99600000000004,405.2544399202877,62.25693418642185,3.900147727805688,2.8567297492420742,1.043417978563614,5.157848402546998
SPY,2023-04-17 04:00:00,412.37,413.96,411.085,413.94,66424139.0,477935.0,412.522809,404.19350000000003,406.08163611835556,63.76767132559116,4.095202708702288,3.1044243411341172,0.9907783675681712,4.994787802365069
SPY,2023-04-18 04:00:00,415.58,415.72,412.7802,414.21,63559997.0,493081.0,414.06363,405.21700000000004,406.8557660118455,64.0503758879859,4.222893047482216,3.328118082403737,0.8947749650784793,4.848002959338997
SPY,2023-04-19 04:00:00,412.22,415.08,412.16,414.14,55227330.0,420720.0,413.658114,405.97850000000005,407.5495025821459,63.911146108586436,4.26922715282285,3.5163398964875596,0.7528872563352906,4.7102884622433505
SPY,2023-04-20 04:00:00,411.21,413.7,410.27,411.88,75840359.0,546274.0,411.935504,406.9670000000001,407.9619309076558,59.42018269045519,4.07659174073558,3.628390265337164,0.44820147539841626,4.650267857797397
SPY,2023-04-21 04:00:00,412.19,412.68,410.17,412.2,73434638.0,480045.0,411.703492,407.9185000000001,408.3655565354981,59.85038282600827,3.9047367399180644,3.6836595602533437,0.22107717966472062,4.497391582240439
SPY,2023-04-24 04:00:00,411.99,413.07,410.6,412.63,64332095.0,463295.0,412.026933,408.7625000000001,408.7716940083078,60.457025490945036,3.7598960784238216,3.6989068638874394,0.060989214536382175,4.352577897794691
SPY,2023-04-25 04:00:00,410.58,411.16,406.02,406.08,97766721.0,611558.0,408.10173,409.2420000000001,408.51534219799277,48.4485061783071,3.0810619866158504,3.5753378884331215,-0.4942759018172711,4.5138223336665
SPY,2023-04-26 04:00:00,406.72,407.84,403.78,404.36,80447049.0,571685.0,405.666106,409.6800000000001,408.1195953219935,45.871825848783885,2.3768921199672377,3.335648734739945,-0.9587566147727071,4.4814064526903215
SPY,2023-04-27 04:00:00,407.0,412.69,406.74,412.41,92968369.0,614869.0,410.230423,410.23300000000006,408.5282052913274,57.31419062178098,2.440270234473701,3.156573034686696,-0.7163028002129952,4.756305991783869
SPY,2023-04-28 04:00:00,411.49,415.94,411.43,415.93,89312589.0,611065.0,414.408081,410.84450000000004,409.2331381207248,61.17869665114647,2.7429138257881505,3.073841192906987,-0.33092736711883664,4.738712706656449
SPY,2023-05-01 04:00:00,415.47,417.62,415.265,415.51,62122254.0,502374.0,416.254411,411.1505,409.8309344901796,60.47517268596037,2.91526519988588,3.042125994302766,-0.1268607944168858,4.568447513323847
SPY,2023-05-02 04:00:00,414.77,414.82,407.82,410.84,103998484.0,750845.0,410.494823,411.145,409.9270359673053,53.155685241710415,2.64454031976436,2.962608859395085,-0.3180685396307248,4.791415548086429
SPY,2023-05-03 04:00:00,411.36,413.87,407.77,408.02,91531769.0,737915.0,410.858464,411.1125,409.7454134942286,49.27716404015808,2.1773394556262815,2.8055549786413243,-0.6282155230150428,4.884885866080258
SPY,2023-05-04 04:00:00,406.93,407.27,403.74,405.13,94901863.0,716763.0,405.369131,410.9889999999999,409.30585030430206,45.604684992149515,1.5559445967645047,2.5556329022659603,-0.9996883055014556,4.841679732788809
SPY,2023-05-05 04:00:00,408.91,413.72,408.64,412.63,87832433.0,577848.0,411.604143,411.16099999999994,409.62243598960663,54.98145349408913,1.6496558088042548,2.3744374835736193,-0.7247816747693645,5.109416894732468
SPY,2023-05-08 04:00:00,412.97,413.24,411.28,412.74,50046768.0,422762.0,412.479657,411.3175,409.91934684773935,55.103694918983656,1.7130517064558717,2.24216032815007,-0.5291086216941983,4.884458545108723
SPY,2023-05-09 04:00:00,411.13,412.09,410.6894,410.93,49220119.0,385994.0,411.300577,411.378,410.01559952890705,52.57399788823329,1.5988114358813732,2.1134905496963308,-0.5146791138149576,4.682040077600959
SPY,2023-05-10 04:00:00,413.88,414.535,408.87,412.85,96142922.0,691578.0,411.955869,411.61799999999994,410.2855424309159,54.93726429131451,1.644249270207581,2.0196422937985807,-0.3753930235909997,4.752251500629463
SPY,2023-05-11 04:00:00,411.95,412.43,409.97,412.13,70157064.0,530526.0,411.350862,411.55099999999993,410.46120505654295,53.85352149692891,1.6036749321987145,1.9364488214786075,-0.33277388927989304,4.6185192505845025
SPY,2023-05-12 04:00:00,413.42,413.64,409.07,411.59,70441226.0,500185.0,410.98957,411.5074999999999,410.5687093368722,53.00891569317422,1.5105335000584432,1.8512657571945748,-0.34073225713613153,4.615053589828466
SPY,2023-05-15 04:00:00,412.22,413.43,410.23,413.01,54289383.0,427865.0,412.048136,411.4609999999999,410.801213209551,55.00722187576852,1.5336217398339045,1.7877369537224408,-0.2541152138885363,4.513978333412146
SPY,2023-05-16 04:00:00,411.86,412.815,410.24,410.25,57705495.0,447536.0,411.425832,411.2629999999999,410.74871671340327,50.511092983542696,1.3140627055857976,1.6930021040951122,-0.3789393985093146,4.389408452454134
SPY,2023-05-17 04:00:00,412.35,415.855,410.635,415.23,87286957.0,585039.0,413.86749,411.31749999999994,411.17550559784104,57.293959802534054,1.5243334029061089,1.6592683638573116,-0.13493496095120272,4.476236420135983
SPY,2023-05-18 04:00:00,414.9,419.67,414.67,419.23,97177195.0,672492.0,417.252302,411.68499999999995,411.94260030280856,61.820356640226436,1.9907924004886581,1.725573171183581,0.26521922930507724,4.513648104411984
SPY,2023-05-19 04:00:00,420.17,420.72,417.35,418.62,103625186.0,640868.0,418.932449,412.006,412.5785431311125,60.76267555437028,2.284903667534934,1.8374392704538516,0.4474643970810823,4.431958954096842
SPY,2023-05-22 04:00:00,418.64,420.39,417.35,418.79,60745399.0,493532.0,419.068605,412.31399999999996,413.1701104519589,60.96312370791852,2.5028551882402894,1.9705224540111392,0.5323327342291502,4.332533314518494
SPY,2023-05-23 04:00:00,417.08,418.722,413.68,414.09,86383493.0,624936.0,415.863124,412.71449999999993,413.2577189803438,52.91467103094234,2.2701635855081577,2.030450680310543,0.23971290519761457,4.388066649195745
SPY,2023-05-24 04:00:00,412.42,412.82,409.8795,411.09,89213678.0,673415.0,411.050076,413.05099999999993,413.0512695536444,48.51212819366116,1.8226683003418316,1.9888942043168008,-0.16622590397496917,4.375383317110333
SPY,2023-05-25 04:00:00,414.74,416.16,412.4101,414.65,90961606.0,672404.0,414.136975,413.1629999999999,413.20352959615445,53.46050314985814,1.7352840364611666,1.9381721707456738,-0.20288813428450725,4.424998794459598
SPY,2023-05-26 04:00:00,415.33,420.77,415.25,420.02,93687752.0,625214.0,419.208624,413.36749999999995,413.85271725366357,59.7451996204917,2.0754213335750364,1.9656220033115464,0.10979933026349009,4.546070309141056
SPY,2023-05-30 04:00:00,422.03,422.58,418.735,420.18,72215960.0,609042.0,420.454392,413.60099999999994,414.4553156104575,59.918872869962925,2.3310226765153175,2.0387021379523005,0.292320538563017,4.495993858488122
SPY,2023-05-31 04:00:00,418.28,419.22,416.22,417.85,111771940.0,665151.0,417.726299,413.95149999999995,414.778618885652,56.12164821787745,2.318846832078009,2.094731076777442,0.22411575530056682,4.457708582881826
SPY,2023-06-01 04:00:00,418.09,422.92,416.79,421.82,88865018.0,653408.0,420.514542,414.6414999999999,415.449226610828,60.69250197873475,2.599576904589185,2.1957002423397904,0.40387666224939434,4.577157969818837
SPY,2023-06-02 04:00:00,424.5,428.74,423.95,427.92,91426171.0,678309.0,427.125566,415.78099999999984,416.63691931455867,66.47187015796415,3.2765069966752662,2.4118615932068854,0.8646454034683808,4.744503829117493
SPY,2023-06-05 04:00:00,428.28,429.67,426.37,427.1,70216018.0,551798.0,428.039599,416.50449999999984,417.6334031893626,65.08650389880556,3.7041131144443966,2.6703118974543876,1.033801216990009,4.64132498418053
SPY,2023-06-06 04:00:00,426.67,428.5772,425.99,428.03,64022176.0,491102.0,427.538687,417.2689999999999,418.62355526656614,65.95318043154963,4.07110807150633,2.9504711322647763,1.120636939241554,4.494601771024778
SPY,2023-06-07 04:00:00,428.44,429.62,426.11,426.55,85372762.0,582563.0,427.313278,418.04999999999984,419.3784547649884,63.26183802942861,4.194182660982108,3.1992134380082424,0.9949692229738654,4.424273073094436
SPY,2023-06-08 04:00:00,426.62,429.6,425.82,429.13,61952842.0,473941.0,428.248763,418.86399999999975,420.30717335879905,65.87601859199295,4.448623633808097,3.449095477168213,0.9995281566398839,4.378253567873407
SPY,2023-06-09 04:00:00,429.96,431.99,428.87,429.9,85647169.0,594919.0,430.357809,419.75249999999977,421.2207758960563,66.63899822068082,4.658699910138296,3.6910163637622295,0.9676835463760662,4.288378313025307
SPY,2023-06-12 04:00:00,430.92,433.88,430.17,433.8,76256703.0,523160.0,431.998351,420.8629999999997,422.418797239289,70.26538506012126,5.081310099170366,3.969075110843857,1.1122349883265095,4.266351290666358
SPY,2023-06-13 04:00:00,435.32,437.33,434.63,436.66,95898626.0,672828.0,436.271556,422.0454999999997,423.77510226411863,72.6161821947672,5.582656428478458,4.291791374370777,1.2908650541076812,4.213754769904473
SPY,2023-06-14 04:00:00,437.01,439.0612,433.59,437.18,100608099.0,712238.0,436.588374,423.3919999999997,425.0517591913454,73.03362539483524,5.953310601828321,4.624095219862285,1.3292153819660353,4.303572286339869
SPY,2023-06-15 04:00:00,436.33,443.9,436.23,442.6,110301303.0,748181.0,441.025612,424.76049999999975,426.7230202207411,76.97372892680032,6.60822984759443,5.020922145408714,1.5873077021857158,4.544031408744162
SPY,2023-06-16 04:00:00,443.02,443.6078,438.97,439.46,114164649.0,631588.0,440.933417,425.77199999999976,427.93606591400385,70.54308363041812,6.795551423649442,5.37584800105686,1.4197034225925824,4.5507291652624335
SPY,2023-06-20 04:00:00,437.45,438.37,435.03,437.18,76160359.0,550939.0,437.022449,426.6999999999997,428.81644058886064,66.21721971226354,6.682990818864596,5.637276564618407,1.0457142542461888,4.542105653457974
SPY,2023-06-21 04:00:00,436.16,436.99,434.33,434.94,76982252.0,551344.0,435.457956,427.5074999999997,429.39963672325484,62.18275232675386,6.3399534126216395,5.777811934219054,0.5621414784025855,4.421240963925263
SPY,2023-06-22 04:00:00,433.95,436.62,433.6,436.51,70637175.0,479203.0,435.377934,428.6284999999997,430.07681417818293,63.84545459689315,6.124183895905674,5.8470863265563775,0.2770975693492961,4.321152323644886
SPY,2023-06-23 04:00:00,432.93,435.06,432.47,433.21,92075438.0,553269.0,433.605841,429.7344999999997,430.3752128278798,58.06650109218274,5.622094572029539,5.80208797565101,-0.17999340362147098,4.301070014813106
SPY,2023-06-26 04:00:00,432.62,434.61,431.19,431.44,72823560.0,509726.0,432.554648,430.5739999999997,430.4766211299865,55.181432158236966,5.023453710621993,5.646361122645207,-0.6229074120232134,4.238136442326456
SPY,2023-06-27 04:00:00,432.35,436.81,431.88,436.17,72813700.0,497930.0,434.836564,431.3814999999997,431.0188476890354,60.78828245022232,4.874507694298416,5.491990436975849,-0.6174827426774332,4.318983839303138
SPY,2023-06-28 04:00:00,435.05,437.44,434.41,436.39,75635976.0,537350.0,435.639277,432.19199999999967,431.53038600436537,61.03246249609386,4.719812009779446,5.337554751536568,-0.6177427417571222,4.226913565067198
SPY,2023-06-29 04:00:00,435.96,438.28,435.54,438.11,67882305.0,474149.0,437.242912,433.20499999999964,432.1570159087115,62.97376964356126,4.68203263290809,5.206450327810872,-0.5244176949027821,4.12070545327668
SPY,2023-06-30 04:00:00,441.44,444.3,441.11,443.28,102201286.0,581165.0,443.155802,434.2779999999997,433.2163477269295,68.11558548120371,5.011498561195083,5.1674599744877145,-0.1559614132926317,4.26851220661406
SPY,2023-07-03 04:00:00,442.92,444.08,442.63,443.79,32501144.0,251275.0,443.529847,435.07149999999973,434.2233622291267,68.57912799209328,5.253199803457676,5.1846079402817065,0.06859186317596944,4.067189906141627
SPY,2023-07-05 04:00:00,441.91,443.889,441.9,443.13,58418434.0,415751.0,443.259394,435.8729999999997,435.0716134454003,67.21721279724223,5.330051776131086,5.213696707451582,0.1163550686795034,3.9187477699886557
SPY,2023-07-06 04:00:00,439.42,440.1,437.06,439.66,80658303.0,567513.0,438.738257,436.45449999999965,435.5086026410765,60.423119977120834,5.052712988041776,5.181499963569621,-0.12878697552784502,4.072408643560894
SPY,2023-07-07 04:00:00,438.63,442.64,438.3,438.55,86134179.0,530029.0,440.230389,437.0544999999996,435.79825953240254,58.389979051642406,4.689296980415804,5.0830593669388575,-0.3937623865230533,4.091522311877971
SPY,2023-07-10 04:00:00,438.18,439.84,437.585,439.66,62443502.0,419236.0,438.899656,437.5809999999997,436.1660443388404,59.84506273585679,4.4396770658323135,4.954382906717549,-0.5147058408852354,3.96034214674383
SPY,2023-07-11 04:00:00,440.45,442.97,439.44,442.46,64463753.0,455994.0,441.220616,438.20899999999966,436.76546868752223,63.32872308263611,4.416873120607875,4.846880949495614,-0.4300078288877396,3.9296034219764158
SPY,2023-07-12 04:00:00,446.39,447.4799,444.91,446.02,91924527.0,585101.0,446.181568,438.8199999999997,437.6468526220439,67.22232581005998,4.632660649328216,4.804036889462134,-0.1713762401339185,4.0074817489781
SPY,2023-07-13 04:00:00,447.9,450.38,447.45,449.56,72425242.0,449369.0,448.876482,439.4649999999997,438.78143808661116,70.56868959366871,5.031324261296277,4.8494943638289625,0.18182989746731426,4.0326616240510935
SPY,2023-07-14 04:00:00,450.475,451.36,448.49,449.28,69815823.0,484539.0,449.914943,440.0699999999997,439.78130112598154,69.96029395008662,5.263994336071278,4.932394358277426,0.33159997779385186,3.949614365190301
SPY,2023-07-17 04:00:00,449.13,451.93,449.08,450.84,52680223.0,385757.0,450.54018,440.4819999999997,440.8345105425547,71.43776015171498,5.510741610198977,5.048063808661736,0.46267780153724125,3.8710704819624238
SPY,2023-07-18 04:00:00,450.5,454.86,450.0484,454.19,80744449.0,519351.0,453.220529,441.2184999999998,442.10646191945426,74.35474268862758,5.908498117162878,5.2201506703619645,0.6883474468009139,3.9382511618222504
SPY,2023-07-19 04:00:00,455.01,456.43,454.1119,455.2,65891689.0,502907.0,455.518782,442.1194999999998,443.3534655461729,75.17782386657561,6.233367196782297,5.422793975646031,0.8105732211362655,3.8225260788349478
SPY,2023-07-20 04:00:00,454.17,455.1,451.44,452.18,70591643.0,532941.0,453.290805,442.98149999999976,444.19408787510883,68.13603911632326,6.175947048942476,5.57342459030532,0.6025224586371554,3.818059930346737
SPY,2023-07-21 04:00:00,453.96,454.165,452.17,452.18,71275619.0,475417.0,453.038753,443.76499999999976,444.9546509346223,68.13603911632326,6.060578590675448,5.670855390379346,0.3897232002961015,3.6878413638933987
SPY,2023-07-24 04:00:00,453.37,455.04,452.298,454.2,54023384.0,400896.0,454.005663,444.81449999999984,445.8351603694202,70.29449755704128,6.062263375900159,5.749136987483508,0.3131263884166504,3.628709837901014
SPY,2023-07-25 04:00:00,453.92,456.735,453.87,455.44,55191240.0,383335.0,455.463449,446.0144999999999,446.749907000904,71.56773776813156,6.093415120724046,5.817992614131616,0.27542250659243006,3.5741591351937996
SPY,2023-07-26 04:00:00,454.47,456.99,453.38,455.51,71052885.0,527718.0,454.911179,446.98149999999987,447.58420157224646,71.6416328785046,6.0539651758342075,5.865187126472135,0.18877804936207276,3.576719196965672
SPY,2023-07-27 04:00:00,459.02,459.44,451.55,452.49,92194375.0,627051.0,455.493493,447.7864999999999,448.05142047012777,63.922767895332115,5.71315436230708,5.834780573639124,-0.12162621133204432,3.8848106828966946
SPY,2023-07-28 04:00:00,455.88,457.78,452.4918,456.92,80011791.0,528395.0,456.623523,448.72699999999986,448.89604709202035,69.17013097091734,5.734420484332134,5.814708555777726,-0.08028807144559202,3.9851813484040712
SPY,2023-07-31 04:00:00,457.41,458.16,456.045,457.79,62040450.0,438677.0,457.084331,449.4524999999999,449.7430902261137,70.09020248963363,5.7551341641599265,5.802793677454166,-0.04765951329423945,3.8515969663752094
SPY,2023-08-01 04:00:00,456.27,457.25,455.49,456.48,55502201.0,418014.0,456.383162,450.0869999999998,450.3847006807695,66.85486457553206,5.601275831669966,5.762490108297326,-0.16121427662736032,3.740768611634124
SPY,2023-08-02 04:00:00,453.25,453.52,449.3499,450.13,93933371.0,622259.0,451.088424,450.4369999999998,450.36044347307717,53.87339667384579,4.910346644315496,5.59206141550096,-0.6817147711854643,3.982863710803117
SPY,2023-08-03 04:00:00,448.04,450.79,447.37,448.84,64928592.0,486817.0,449.120949,450.89599999999984,450.2156393327841,51.67807683489629,4.210156008703677,5.315680334141503,-1.105524325437826,3.942659160031467
SPY,2023-08-04 04:00:00,450.72,452.895,446.27,446.81,101621488.0,663141.0,449.335135,451.30899999999986,449.8912927296618,48.339821892304556,3.4516572940937635,4.942875726131955,-1.4912184320381918,4.134254934314933
SPY,2023-08-07 04:00:00,448.71,450.865,447.99,450.71,58357466.0,445170.0,449.56755,451.8614999999998,449.9692648506464,54.43019105257465,3.129167904651922,4.580134161835948,-1.4509662571840263,4.128593867578153
SPY,2023-08-08 04:00:00,448.08,450.6952,445.2705,448.75,71361326.0,527040.0,447.102653,452.1759999999998,449.8531443886801,51.16550706820594,2.6844919681416286,4.201005723097085,-1.5165137549554562,4.2222300198939955
SPY,2023-08-09 04:00:00,449.03,449.1999,444.96,445.75,78789577.0,559468.0,447.046387,452.1624999999998,449.46236873261535,46.562058176929,2.0661904000137383,3.7740426584804156,-1.7078522584666773,4.2234921613301415
SPY,2023-08-10 04:00:00,448.19,451.7,444.7,445.91,93005596.0,680010.0,447.732813,451.97999999999985,449.1240479009377,46.83678476545312,1.5709832979190423,3.333430786368141,-1.7624474884490988,4.4218141498065595
SPY,2023-08-11 04:00:00,443.97,446.7007,443.345,445.65,68690903.0,502514.0,445.227517,451.79849999999976,448.7931861960865,46.4191599508424,1.1443568413158687,2.8956159973576865,-1.7512591560418178,4.345663139106088
SPY,2023-08-14 04:00:00,444.7,448.11,444.38,448.11,47867443.0,404518.0,446.707026,451.6619999999998,448.72812084407826,50.8817646642282,0.9933035566118065,2.5151535092085107,-1.5218499525967042,4.301687200598511
SPY,2023-08-15 04:00:00,446.27,446.64,442.3,442.89,75707535.0,540999.0,444.041957,451.09699999999975,448.1721093351184,42.74606162057551,0.44722701097060735,2.10156820956093,-1.6543411985903225,4.409423829127189
SPY,2023-08-16 04:00:00,442.46,444.18,439.53,439.64,80107206.0,569003.0,441.737049,450.3189999999997,447.35952749367857,38.60704623834748,-0.24496660183626773,1.6322612472814904,-1.877227849117758,4.426607841332393
SPY,2023-08-17 04:00:00,441.16,441.43,435.75,436.29,95711317.0,582074.0,438.53454,449.5244999999997,446.3052867799949,34.86011379558335,-1.0517283599973553,1.0954633258257211,-2.1471916858230764,4.516135852665793
SPY,2023-08-18 04:00:00,433.37,437.57,433.01,436.5,98851962.0,636961.0,435.523016,448.7404999999997,445.3714499438049,35.28412689411032,-1.6550690154227823,0.5453568575760205,-2.2004258729988027,4.519269006046808
SPY,2023-08-21 04:00:00,437.55,440.11,435.32,439.34,68718959.0,524987.0,437.943555,447.99749999999966,444.79702613963303,40.888039684632126,-1.8823579162213377,0.05981390281654886,-1.9421718190378865,4.5386069341863235
SPY,2023-08-22 04:00:00,441.18,441.18,437.57,438.15,65062863.0,476084.0,438.849812,447.13299999999964,444.1639760310965,39.35043942219238,-2.133910668513977,-0.37893101144955627,-1.7549796570644205,4.47227786745873
SPY,2023-08-23 04:00:00,439.25,443.67,439.1,443.03,68441023.0,469244.0,442.074486,446.5089999999997,444.0559783138492,47.98829246054507,-1.9173903386177358,-0.6866228768831921,-1.2307674617345437,4.547115162640252
SPY,2023-08-24 04:00:00,444.69,445.22,436.855,436.89,88517274.0,584152.0,440.18634,445.72899999999964,443.3735041887207,40.22557700699285,-2.2157018711649243,-0.9924386757395386,-1.2232631954253859,4.8198212224516634
SPY,2023-08-25 04:00:00,438.68,441.3,435.0,439.97,102325105.0,651734.0,438.674896,444.8814999999996,443.04936093265206,45.02928688240689,-2.178473563375235,-1.2296456532666777,-0.948827910108557,4.925548277990832
SPY,2023-08-28 04:00:00,442.24,443.4,439.9728,442.76,61595395.0,457440.0,442.099326,444.12999999999954,443.02180274858995,49.02553311563897,-1.9019160736439744,-1.364099737342137,-0.5378163363018373,4.818723400991483
SPY,2023-08-29 04:00:00,442.65,449.45,442.46,449.16,83081918.0,560023.0,447.340071,443.76399999999956,443.60639296300997,56.78627178085425,-1.1530244099099036,-1.3218846718556905,0.16886026194578685,4.9738145866349495
SPY,2023-08-30 04:00:00,449.51,451.67,448.78,451.01,69053913.0,480799.0,450.668427,443.80799999999965,444.31149839510425,58.74168390440695,-0.40556770003377096,-1.1386212774913065,0.7330535774575355,4.824970687589599
SPY,2023-08-31 04:00:00,451.65,452.83,450.16,450.35,66084565.0,446692.0,451.450784,443.88349999999963,444.8865937860467,57.73791314403138,0.1320188128324844,-0.8844932594265482,1.0165120722590326,4.6710442099046245
SPY,2023-09-01 04:00:00,453.17,453.67,449.68,451.19,58944100.0,444469.0,451.242431,444.1024999999997,445.4869181873756,58.70508741256657,0.6187088862994301,-0.5838528302813526,1.2025617165807827,4.6223981949114386
SPY,2023-09-05 04:00:00,450.73,451.06,449.17,449.24,55166212.0,451488.0,450.022758,444.0289999999997,445.84435455048265,55.528161419364366,0.837412403844155,-0.29959978345625105,1.1370121873004062,4.43651260956062
SPY,2023-09-06 04:00:00,448.4,448.51,443.81,446.22,70758514.0,535484.0,445.9379,443.9024999999997,445.8801303075795,50.93118617660208,0.7583064713924159,-0.08801853248651761,0.8463250038789335,4.507475994592005
SPY,2023-09-07 04:00:00,443.11,445.55,442.75,444.85,70355427.0,487844.0,444.444182,443.85749999999973,445.78202265923863,48.95138243911597,0.5783994705097939,0.045265068112744694,0.5331344023970492,4.433370566406864
SPY,2023-09-08 04:00:00,444.9,447.11,444.53,445.52,62068439.0,405861.0,445.773127,443.83799999999974,445.7570681202635,49.975523596163356,0.4843025385304145,0.13307256219627867,0.35122997633413583,4.300986954520662
SPY,2023-09-11 04:00:00,448.24,448.77,446.4699,448.45,60180120.0,432854.0,447.792508,443.9779999999998,446.01353782309553,54.293963652555824,0.6387929475092164,0.2342166392588662,0.40457630825035024,4.225916457769186
SPY,2023-09-12 04:00:00,446.95,448.53,445.39,445.99,67565424.0,453020.0,446.730846,443.87199999999973,446.01129612565785,50.362923780322944,0.5563134337745623,0.2986359981620054,0.2576774356125569,4.148350996499958
SPY,2023-09-13 04:00:00,446.22,447.71,445.0793,446.51,60199274.0,460627.0,446.610494,444.05299999999977,446.05879173273803,51.167774502973515,0.526834459381007,0.34427569040580575,0.1825587689752013,4.039947353892818
SPY,2023-09-14 04:00:00,449.07,451.08,447.715,450.36,83430816.0,508850.0,449.787728,444.5889999999998,446.4684306153344,56.758315299812054,0.804857092441523,0.4363919708129492,0.3684651216285738,4.077808257186187
SPY,2023-09-15 04:00:00,447.14,447.48,442.92,443.37,111907859.0,665595.0,444.532317,444.94299999999987,446.17334198530256,46.377025321201,0.4559020944981853,0.44029399554999643,0.015608098948188875,4.317964810244317
SPY,2023-09-18 04:00:00,443.05,444.97,442.56,443.63,55752214.0,412316.0,443.77274,445.2994999999998,445.93111893908326,46.76704209023173,0.19804957936310075,0.3918451123126173,-0.19379553294951657,4.181681609512582
SPY,2023-09-19 04:00:00,442.68,443.29,439.94,442.71,66514650.0,445860.0,441.776333,445.46799999999973,445.6243457067896,45.50580045570348,-0.07961891060728021,0.29755230772863783,-0.37717121833591805,4.146561494547397
SPY,2023-09-20 04:00:00,444.01,444.435,438.43,438.64,82562603.0,507727.0,441.767343,445.4924999999997,444.95916992519057,40.324712754040846,-0.6209304749931448,0.11385575118428129,-0.7347862261774261,4.279307102079725
SPY,2023-09-21 04:00:00,435.7,435.97,431.23,431.39,104095828.0,677716.0,433.531931,444.9104999999997,443.6668680275534,33.096040891695644,-1.6163064245832288,-0.23217668396922073,-1.384129740614008,4.502928023359742
SPY,2023-09-22 04:00:00,432.45,434.1,429.99,430.42,100829685.0,637169.0,431.963913,444.5869999999997,442.4052615487388,32.262730570749156,-2.455118847486233,-0.6767651166726232,-1.7783537308136097,4.474861735976904
SPY,2023-09-25 04:00:00,429.17,432.27,428.72,432.23,70874824.0,488035.0,430.821922,444.1999999999997,441.4361890202875,35.52495541897699,-2.939942040957419,-1.1294005015295823,-1.8105415394278368,4.408800183407122
SPY,2023-09-26 04:00:00,429.09,429.82,425.02,425.88,96172890.0,633690.0,426.957824,443.35599999999965,439.95464720883155,30.056076300668643,-3.7928383658598364,-1.662088074395633,-2.1307502914642034,4.60888588459233
SPY,2023-09-27 04:00:00,427.09,427.67,422.29,426.05,104707452.0,693420.0,425.318961,442.20049999999964,438.63039509370475,30.365142387730742,-4.404277499434556,-2.2105259594034177,-2.1937515400311387,4.663965464264306
SPY,2023-09-28 04:00:00,425.48,430.2499,424.87,428.52,92258310.0,616077.0,428.075782,441.0759999999997,437.6675003228757,34.86839061795176,-4.636097020047941,-2.6956401715323226,-1.9404568485156188,4.715103645388287
SPY,2023-09-29 04:00:00,431.67,431.85,425.91,427.48,115111320.0,745038.0,428.545486,439.9324999999996,436.69726219688755,33.87504552205961,-4.847851949074993,-3.1260825270408565,-1.7217694220341366,4.802596242146266
SPY,2023-10-02 04:00:00,426.62,428.6,424.46,427.31,83798601.0,668260.0,426.261623,438.7384999999996,435.8032372257554,33.70601082066065,-4.972071885502771,-3.4952803987332395,-1.4767914867695318,4.7552679391358215
SPY,2023-10-03 04:00:00,425.06,427.3729,420.18,421.59,103760609.0,741557.0,422.128681,437.3559999999996,434.4495955852073,28.544768001337278,-5.469029705946127,-3.890030260175817,-1.57899944577031,4.929384514911836
SPY,2023-10-04 04:00:00,422.07,425.4299,420.56,424.66,87452970.0,645255.0,423.107614,436.2779999999996,433.5172531485209,34.35478054940429,-5.551158713918028,-4.222255950924259,-1.3289027629937689,4.925135620989559
SPY,2023-10-05 04:00:00,424.36,425.37,421.1701,424.5,70142746.0,532999.0,423.455001,435.2604999999996,432.65846713437605,34.19871068235483,-5.565007267583496,-4.490806214256106,-1.07420105332739,4.8733330766331635
SPY,2023-10-06 04:00:00,421.97,431.125,420.6,429.54,113273311.0,737828.0,427.159248,434.4614999999996,432.36147026443547,42.98518840761681,-5.110387105725067,-4.614722392549899,-0.49566471317516836,5.277023571159364
SPY,2023-10-09 04:00:00,427.58,432.88,427.0101,432.29,80374364.0,509698.0,430.205437,433.6534999999996,432.35466357258446,47.133291326584555,-4.476591969161063,-4.587096307872132,0.11050433871106868,5.319371887505121
SPY,2023-10-10 04:00:00,432.94,437.22,432.53,434.54,78607270.0,559799.0,435.140075,433.0809999999997,432.56279085138596,50.318177091643705,-3.7495263553953464,-4.419582317376775,0.6700559619814284,5.291559609826185
SPY,2023-10-11 04:00:00,435.64,436.58,433.18,436.32,62451738.0,452206.0,435.052404,432.5714999999997,432.9206202941111,52.74363672123704,-2.9951641069419566,-4.134698675289811,1.1395345683478544,5.156448209124313
SPY,2023-10-12 04:00:00,436.95,437.335,431.23,433.66,81154231.0,607473.0,434.358332,431.73649999999964,432.99103740895765,48.90156388396718,-2.5822003612084927,-3.824199012473547,1.2419986512650545,5.2242019084725735
SPY,2023-10-13 04:00:00,435.21,436.45,429.88,431.5,95201134.0,665922.0,432.309892,431.1429999999997,432.8490338461998,45.972997065254106,-2.401534174537403,-3.539666044886318,1.1381318703489152,5.3203303435816744
SPY,2023-10-16 04:00:00,433.82,437.14,433.57,436.04,75433196.0,540501.0,435.890333,430.7634999999997,433.152935384657,52.42242869431239,-1.8704534394015013,-3.2058235237893546,1.3353700843878533,5.343163890468697
SPY,2023-10-17 04:00:00,432.81,438.14,432.45,436.02,75324710.0,579314.0,435.375516,430.42899999999963,433.4259891575468,52.392757116134206,-1.434644277236373,-2.8515876744787585,1.4169433972423855,5.367937898292361
SPY,2023-10-18 04:00:00,434.19,435.18,429.09,430.21,93559799.0,691077.0,432.050355,430.0074999999996,433.11970447587566,44.51102108273403,-1.540324913406323,-2.5893351222642713,1.0490102088579483,5.47951376270005
SPY,2023-10-19 04:00:00,430.95,432.82,425.725,426.43,121322959.0,880806.0,429.01525,429.75949999999955,432.4825897638875,40.26679909304387,-1.9071080338994761,-2.4528897045913123,0.5457816706918361,5.594905636792901
SPY,2023-10-20 04:00:00,425.98,426.54,421.08,421.19,123919876.0,733333.0,423.093437,429.2979999999996,431.4071050244697,35.24911897507853,-2.590745999711487,-2.4804609636153474,-0.1102850360961396,5.585269519879125
SPY,2023-10-23 04:00:00,419.61,424.45,417.8,420.46,92035097.0,668638.0,421.493013,428.7094999999996,430.3645235935678,34.60222055592737,-3.1550692378865506,-2.615382618469588,-0.5396866194169627,5.661321697030615
SPY,2023-10-24 04:00:00,422.65,424.82,420.74,423.63,78564241.0,579424.0,423.120458,428.5969999999996,429.7231403941804,39.771291132857364,-3.3083701311816753,-2.753980121012005,-0.5543900101696702,5.568370147242715
SPY,2023-10-25 04:00:00,421.89,421.92,417.015,417.55,94223200.0,753892.0,418.906854,428.17199999999957,428.5637936899727,34.18952620515965,-3.8757896899606976,-2.9783420348017438,-0.8974476551589539,5.643129422439665
SPY,2023-10-26 04:00:00,416.45,417.325,411.6,412.55,115156763.0,846343.0,414.080466,427.3734999999995,427.03867048140387,30.409752136923622,-4.675041028719647,-3.3176818335853246,-1.3573591951343227,5.665048749408259
SPY,2023-10-27 04:00:00,414.19,414.6,409.21,410.68,107367673.0,800491.0,411.525153,426.53349999999955,425.4807018641273,29.113402904212897,-5.3971320658815785,-3.7335718800445754,-1.663560185837003,5.645402410164815
SPY,2023-10-30 04:00:00,413.56,416.68,412.22,415.59,86562677.0,638015.0,414.72065,425.9474999999995,424.53873025801994,36.73893577148742,-5.50968621675338,-4.088794747386336,-1.420891469367044,5.670730809438757
SPY,2023-10-31 04:00:00,416.18,418.53,414.21,418.2,79665152.0,563417.0,416.879135,425.7779999999995,423.935041662018,40.408655935449474,-5.32687609317145,-4.336411016543359,-0.9904650766280909,5.574250037335988
SPY,2023-11-01 04:00:00,419.2,423.5,418.6499,422.66,98068117.0,724433.0,421.069909,425.67799999999954,423.8136091227782,46.15654537541886,-4.767160171924388,-4.422560847619565,-0.34459932430482354,5.554660748954847
SPY,2023-11-02 04:00:00,426.58,430.915,426.56,430.76,94938911.0,639385.0,429.27968,425.99099999999953,424.4751701587041,54.70206494952099,-3.6281558442017285,-4.2636798469359976,0.635524002734269,5.747542124029501
SPY,2023-11-03 04:00:00,433.14,436.29,433.01,434.69,100167777.0,647003.0,434.861912,426.2484999999995,425.44801109597034,58.17084573791258,-2.3809227573056546,-3.887128429009929,1.5062056717042744,5.732003400884539
SPY,2023-11-06 05:00:00,435.47,436.1498,433.68,435.69,67831662.0,494718.0,435.038606,426.4184999999995,426.42343861063983,59.030553174716594,-1.2968407347254356,-3.36907089015303,2.0722301554275946,5.498988872249931
SPY,2023-11-07 05:00:00,435.69,437.585,434.51,436.93,64256116.0,488374.0,436.624446,426.53799999999944,427.4240635048646,60.12496075352364,-0.3337925320232671,-2.7620152185270777,2.4282226865038106,5.325846809946364
SPY,2023-11-08 05:00:00,437.55,438.09,434.87,437.25,61746029.0,461557.0,436.806629,426.5844999999995,428.3598669805918,60.41880747065173,0.45006338213966046,-2.11959949839373,2.5696628805333903,5.175429180664478
SPY,2023-11-09 05:00:00,438.43,438.47,433.4,433.84,83174419.0,622940.0,435.595384,426.5934999999995,428.8817844110116,55.707689795754824,0.7870437891659776,-1.5382708408817884,2.325314630047766,5.167898524902733
SPY,2023-11-10 05:00:00,435.98,440.93,433.8335,440.61,89558056.0,585764.0,438.197768,427.0489999999995,429.9987573242486,62.0366867258461,1.5821475976434272,-0.9141871531767453,2.4963347508201723,5.3056557731239655
SPY,2023-11-13 05:00:00,439.23,441.33,438.42,440.19,52236070.0,406682.0,440.011295,427.2564999999995,430.96935186479635,61.4500435109832,2.1535577313777026,-0.30063817626585565,2.454195907643558,5.134537503615109
SPY,2023-11-14 05:00:00,446.32,450.06,446.09,448.73,97176937.0,653304.0,448.546562,427.8919999999995,432.6608421633872,68.0632166486501,3.2579553263959156,0.41108052426649855,2.846874802129417,5.4727848247854585
SPY,2023-11-15 05:00:00,450.11,451.38,448.8,449.68,77327573.0,555373.0,450.105605,428.86549999999943,434.2817143383027,68.70633782302275,4.161879877177796,1.161240394848758,3.000639482329038,5.271157337300781
SPY,2023-11-16 05:00:00,449.22,450.56,448.12,450.23,66665799.0,507746.0,449.425341,430.05549999999937,435.8005986870358,69.0943658216365,4.8665286861700565,1.9022980531130176,2.964230633057039,5.068931813207867
SPY,2023-11-17 05:00:00,450.24,451.42,449.29,450.79,83193904.0,439854.0,450.418855,431.5354999999994,437.2281607168419,69.5089277273509,5.407817312176348,2.6034019049256836,2.804415407250665,4.859008112264448
SPY,2023-11-20 05:00:00,450.53,455.125,450.52,454.26,70055635.0,488764.0,453.459404,433.22549999999944,438.85024064857123,72.01399170576478,6.0470854116151145,3.2921386062635696,2.754946805351545,4.840864675674132
SPY,2023-11-21 05:00:00,453.1842,454.131,451.9599,453.27,49244640.0,405391.0,452.975029,434.7074999999995,440.223551062993,70.24091832907587,6.400049473436184,3.9137207796980924,2.4863286937380913,4.65938148455455
SPY,2023-11-22 05:00:00,454.98,456.38,453.8895,455.02,59446575.0,479664.0,455.087224,436.58099999999956,441.6327366760413,71.573285811646,6.743254371177102,4.479627497993894,2.263626873183208,4.54871137851494
SPY,2023-11-24 05:00:00,455.07,455.5,454.73,455.3,29737377.0,190770.0,455.060299,438.7184999999996,442.93438080213264,71.79090556329813,6.9576370760034365,4.975229413595803,1.9824076624076339,4.278803422906729
SPY,2023-11-27 05:00:00,454.65,455.4901,454.0799,454.48,50505987.0,400700.0,454.800792,440.90849999999955,444.03396358288194,70.09843747318108,6.98089831681034,5.37636319423871,1.6045351225716296,4.0739031784133894
SPY,2023-11-28 05:00:00,454.08,456.27,453.5,454.93,62115013.0,461132.0,454.746196,442.87549999999953,445.07168133689316,70.50932141485016,6.955465974800859,5.692183750351139,1.2632822244497195,3.980767237098146
SPY,2023-11-29 05:00:00,457.15,458.32,454.2,454.61,63145994.0,455449.0,455.932414,444.6959999999996,445.98009263814146,69.77506511166031,6.830748715678851,5.919896743416682,0.9108519722621695,3.990712434448279
SPY,2023-11-30 05:00:00,455.48,456.76,453.34,456.4,79752702.0,516019.0,455.025693,446.3829999999995,446.97246476784227,71.55921162356951,6.797984495960179,6.0955142939253815,0.7024702020347977,3.9499472605591173
SPY,2023-12-01 05:00:00,455.77,459.65,455.16,459.1,89183402.0,606484.0,457.960591,447.79999999999956,448.12746812328584,74.04770415234117,6.910229229844845,6.2584572811092745,0.6517719487355702,3.9885224562334622
SPY,2023-12-04 05:00:00,455.6,459.1206,454.34,456.69,72431488.0,538575.0,455.931175,448.8999999999995,448.94294734963955,68.30294163382428,6.72717049736309,6.352199924360038,0.37497057300305237,4.045099423645362
SPY,2023-12-05 05:00:00,455.26,457.59,454.87,456.6,69793569.0,483242.0,456.267218,449.9454999999995,449.6721904591977,68.0904914547772,6.499906014679539,6.381741142423938,0.11816487225560035,3.9504494648135484
SPY,2023-12-06 05:00:00,458.81,458.84,454.31,454.76,69124885.0,465901.0,456.19549,450.83699999999953,450.1567437487979,63.7263696004357,6.100996166255868,6.325592147190324,-0.2245959809344562,3.9918459316125783
SPY,2023-12-07 05:00:00,456.91,458.9,456.29,458.23,67002346.0,458079.0,457.827305,451.8859999999995,450.92562529653145,67.90423518976979,5.995742055197354,6.25962212879173,-0.26388007359437626,4.0024283650688215
SPY,2023-12-08 05:00:00,457.46,460.745,457.21,460.2,83194404.0,525610.0,459.424735,453.20399999999955,451.80889907781415,70.01567702443667,6.002101460434233,6.208117995120231,-0.20601653468599856,3.9690406247067647
SPY,2023-12-11 05:00:00,459.69,462.17,459.47,461.99,65803711.0,461247.0,461.005626,454.2729999999995,452.77852773706996,71.8291176126125,6.081475906583478,6.182789577412881,-0.1013136708294029,3.878394865799138
SPY,2023-12-12 05:00:00,461.63,464.2,460.6,464.1,68329617.0,438136.0,462.897161,455.4684999999995,453.85676319068233,73.83774064757273,6.242678382551333,6.194767338440571,0.0479110441107613,3.8585095182420543
SPY,2023-12-13 05:00:00,464.49,470.7599,464.12,470.5,93277960.0,662497.0,467.577917,456.5569999999995,455.4418333629983,78.78000035198866,6.808376295260587,6.317489129804574,0.4908871654560123,4.058608838367621
SPY,2023-12-14 05:00:00,472.5,473.73,469.25,472.01,119028953.0,713141.0,471.899327,457.67349999999954,457.0197539950937,79.75188894966261,7.29445441723783,6.5128821872912255,0.7815722299466046,4.0887082070556495
SPY,2023-12-15 05:00:00,469.49,470.7,467.4263,469.33,141554383.0,669182.0,469.509526,458.6284999999995,458.19215837651336,73.33227648141802,7.3783679952287,6.68597934887872,0.69238864634998,4.124064763694529
SPY,2023-12-18 05:00:00,470.98,472.98,469.8929,471.97,70375385.0,459241.0,472.042236,459.68749999999943,459.5043337692264,75.43034963278423,7.570626576330028,6.862908794368982,0.7077177819610458,4.090202994859207
SPY,2023-12-19 05:00:00,472.53,474.92,472.45,474.84,55762005.0,416105.0,473.991484,460.7164999999994,460.96487341025244,77.50254512657617,7.863927440995383,7.0631125236942625,0.8008149173011203,4.008759923797834
SPY,2023-12-20 05:00:00,473.96,475.895,467.82,468.26,102920959.0,666863.0,471.732351,461.46599999999944,461.65964737118077,64.1450868499693,7.479203874097948,7.146330793774999,0.3328730803229485,4.29920564352656
SPY,2023-12-21 05:00:00,471.33,472.975,468.84,472.7,86679796.0,600930.0,471.218166,462.34999999999945,462.7111095263064,68.1358173837919,7.446737217707096,7.206412078561419,0.24032513914567666,4.328905240417522
SPY,2023-12-22 05:00:00,473.86,475.38,471.7,473.65,67160419.0,486178.0,473.951699,463.2674999999995,463.75290861903915,68.93258945764995,7.412220752241808,7.247573813297497,0.16464693894431104,4.282554866101985
SPY,2023-12-26 05:00:00,474.07,476.58,473.99,475.65,55386952.0,348986.0,475.354905,464.32599999999945,464.8859649410354,70.59937221583189,7.460252344800438,7.290109519598085,0.1701428252023529,4.185943804237558
SPY,2023-12-27 05:00:00,475.44,476.66,474.89,476.51,68000811.0,425538.0,475.741039,465.40499999999946,465.99301589903206,71.3121034444377,7.4814708022774425,7.3283817761339565,0.15308902614348607,4.0133763896491645
SPY,2023-12-28 05:00:00,476.88,477.55,476.26,476.69,77158117.0,374241.0,476.950071,466.50899999999945,467.01177628960045,71.46800843178637,7.4271949977106715,7.3481444204493,0.07905057726137166,3.8188495046742257
SPY,2023-12-29 05:00:00,476.49,477.03,473.3,475.31,122288349.0,604838.0,475.210777,467.4544999999995,467.8020833096385,68.39897134066824,7.189945350284177,7.3165046064162755,-0.12655925613209895,3.8125031114832066
SPY,2024-01-02 05:00:00,472.16,473.67,470.49,472.65,123007793.0,657585.0,472.044088,468.13199999999944,468.2637896611015,62.80083928904746,6.709935565545038,7.195190798242028,-0.4852552326969901,3.8844671749486914
SPY,2024-01-03 05:00:00,470.43,471.19,468.17,468.79,103595966.0,656572.0,469.620528,468.73699999999945,468.3139049314728,55.67924458305229,5.949472793278858,6.946047197249394,-0.996574403970536,3.927005233880925
SPY,2024-01-04 05:00:00,468.3,470.96,467.05,467.28,84232169.0,536471.0,468.783715,469.27099999999945,468.21543779514207,53.140540398802905,5.165412526765124,6.58992026315254,-1.4245077363874161,3.925790574318
SPY,2024-01-05 05:00:00,467.49,470.44,466.43,467.92,86118913.0,562579.0,468.323224,469.92899999999946,468.1873008622714,54.095880775646044,4.543309326200074,6.180598075762047,-1.6372887495619732,3.931805533295285
SPY,2024-01-08 05:00:00,468.43,474.75,468.3,474.6,74879074.0,523806.0,472.074423,470.7474999999995,468.79803411348365,62.65412488602693,4.537008421755047,5.8518801449606475,-1.3148717232056004,4.138819423774192
SPY,2024-01-09 05:00:00,471.87,474.93,471.35,473.88,65931439.0,448472.0,473.346878,471.4314999999994,469.28203086458046,61.3269591541862,4.42293211859436,5.56609053968739,-1.1431584210930295,4.098903750647463
SPY,2024-01-10 05:00:00,474.16,477.4481,473.87,476.56,67310640.0,470045.0,475.701854,472.1599999999994,469.97517078223945,64.35371087059156,4.496941486561468,5.3522607290622055,-0.8553192425007374,4.061703482744074
SPY,2024-01-11 05:00:00,477.59,478.12,472.26,476.35,77940823.0,576613.0,475.103827,472.7724999999994,470.5822973744071,63.93147764790918,4.48692670093385,5.179193923436534,-0.692267222502684,4.19015323397664
SPY,2024-01-12 05:00:00,477.84,478.6,475.23,476.68,58026520.0,470856.0,476.624635,473.08149999999944,471.16303095779693,64.3275649243802,4.454272077425742,5.034209554234375,-0.5799374768086336,4.131570860121166
SPY,2024-01-16 05:00:00,475.26,476.6098,473.06,474.93,85015070.0,592233.0,474.741327,473.2274999999994,471.5217899141972,60.53134258904588,4.238325895732203,4.8750328225339405,-0.6367069268017378,4.095030084398227
SPY,2024-01-17 05:00:00,471.82,472.79,469.87,472.29,68843871.0,520417.0,471.61239,473.3754999999995,471.59495277951174,55.235630058564155,3.8102389910351917,4.662074056234191,-0.8518350651989994,4.1639565069412106
SPY,2024-01-18 05:00:00,474.01,477.06,472.42,476.49,91856348.0,558708.0,474.771714,473.6014999999995,472.0611477528916,61.07075457608575,3.766464476061344,4.482952140199622,-0.7164876641382776,4.20724532787398
SPY,2024-01-19 05:00:00,477.65,482.72,476.5374,482.43,110834483.0,608468.0,480.15386,473.9809999999995,473.04865749071143,67.5193384880084,4.163091685400275,4.418980049239752,-0.25588836383947733,4.351727804454411
SPY,2024-01-22 05:00:00,484.01,485.22,482.78,483.45,76044931.0,548090.0,483.922932,474.74049999999954,474.0392615392151,68.4847393520289,4.507764380062895,4.4367369154043805,0.07102746465851428,4.240175818421955
SPY,2024-01-23 05:00:00,484.01,485.105,482.89,484.86,49945297.0,388977.0,484.009969,475.3484999999995,475.06980805928987,69.82011667903885,4.8389151877893255,4.517172569881369,0.32174261790795633,4.095520402820389
SPY,2024-01-24 05:00:00,487.81,488.77,484.8819,485.39,81765039.0,621290.0,486.91111,475.9354999999995,476.05268348221466,70.32904435578192,5.085498695976241,4.630837795100343,0.45466090087589794,4.082268945476073
SPY,2024-01-25 05:00:00,487.575,488.305,485.39,488.03,72524989.0,546403.0,487.022632,476.55449999999956,477.1933802934323,72.79039501671889,5.4313347927497375,4.790937194630223,0.6403975981195149,3.998892592227784
SPY,2024-01-26 05:00:00,487.59,489.12,486.54,487.41,76641609.0,480277.0,487.732215,477.0994999999995,478.16639169405784,71.29460351823353,5.590934756971194,4.950936707098417,0.6399980498727773,3.89754312135437
SPY,2024-01-29 05:00:00,487.73,491.415,487.17,491.27,61322751.0,447982.0,489.136747,477.8284999999995,479.41435438986184,74.77063430788571,5.960183335697707,5.152786032818275,0.8073973028794317,3.9223614698290583
SPY,2024-01-30 05:00:00,490.56,491.62,490.11,490.89,58618386.0,447676.0,490.920671,478.6074999999995,480.5072730193988,73.82288806453771,6.151244947683438,5.352477815791308,0.7987671318921299,3.750049936269839
SPY,2024-01-31 05:00:00,488.62,489.0813,482.86,482.88,126011062.0,780578.0,485.693044,479.1189999999995,480.73324701755126,57.32764524851621,5.5918630773282985,5.400354868098706,0.19150820922959255,4.055760655107706
SPY,2024-02-01 05:00:00,484.63,489.23,483.8,489.2,91891637.0,650358.0,486.677249,480.1394999999995,481.53960444445113,64.13670460927227,5.5940355369950225,5.439091001877969,0.1549445351170533,4.2196348940285855
SPY,2024-02-02 05:00:00,489.65,496.05,489.3,494.35,99228192.0,677113.0,493.379344,481.4929999999995,482.75964211640814,68.54174570501519,5.942814124631411,5.5398356264286575,0.4029784982027538,4.407518115883688
SPY,2024-02-05 05:00:00,493.695,494.3778,490.23,492.55,75685102.0,537117.0,492.614541,482.72449999999947,483.6920571529407,65.51290396782521,6.004759580761004,5.632820417295127,0.37193916346587663,4.3889668218919935
SPY,2024-02-06 05:00:00,493.52,494.32,492.05,493.98,55918602.0,456773.0,493.014563,483.6934999999994,484.671861233613,66.7692514111328,6.098936110996306,5.726043556035362,0.3728925549609432,4.237612048899707
SPY,2024-02-07 05:00:00,496.29,498.53,495.36,498.1,70556506.0,501857.0,497.442779,484.9044999999995,485.9507315923165,70.14392455531973,6.431878565043974,5.867210557837085,0.5646680072068886,4.259925473978297
SPY,2024-02-08 05:00:00,498.1,498.71,497.26,498.32,52343636.0,406775.0,498.025515,485.9924999999995,487.12875715495306,70.31726728061143,6.636983011206155,6.021165048510899,0.6158179626952558,4.059216511551274
SPY,2024-02-09 05:00:00,498.84,501.65,498.49,501.2,63979375.0,467171.0,500.320019,487.2349999999995,488.468875521148,72.56302842920299,6.95178583357017,6.207289205522754,0.7444966280474166,4.007129617869039
SPY,2024-02-12 05:00:00,501.17,503.5,500.24,500.98,56502283.0,437189.0,501.687018,488.4499999999995,489.66041118580057,72.11418460227392,7.101653733330352,6.386162111084273,0.7154916222460788,3.953763216592679
SPY,2024-02-13 05:00:00,494.53,497.09,490.715,494.08,113099199.0,779480.0,493.567626,489.40749999999946,490.0813244062005,59.6514830344604,6.587713726209927,6.426472434109404,0.16124129210052285,4.4045658439789195
SPY,2024-02-14 05:00:00,496.79,499.07,494.4,498.57,68387827.0,536843.0,496.826687,490.72149999999937,490.8897697008481,64.01014804380556,6.468157153950813,6.434809378077686,0.03334777587312665,4.446382569408997
SPY,2024-02-15 05:00:00,499.29,502.2,498.795,502.01,61682960.0,516093.0,500.787683,491.9974999999994,491.94883925314826,66.95540464796473,6.575192236608757,6.4628859497839,0.11230628682485655,4.388069528736926
SPY,2024-02-16 05:00:00,501.7,502.87,498.75,499.51,75532928.0,532752.0,500.930692,492.8514999999994,492.6689498004675,62.92514040869739,6.384690466764027,6.447246853179926,-0.06255638641589822,4.368921705255717
SPY,2024-02-20 05:00:00,497.72,498.41,494.45,496.76,71736740.0,595486.0,496.139855,493.51699999999937,493.0585736289944,58.73685796430098,5.943303718688924,6.346458226281725,-0.40315450759280136,4.4182844405945945
SPY,2024-02-21 05:00:00,495.42,497.37,493.56,497.21,59603771.0,499405.0,495.496013,494.1344999999993,493.4539475690902,59.21523925955287,5.565655369414287,6.190297654908237,-0.62464228549395,4.374835551980695
SPY,2024-02-22 05:00:00,504.01,508.49,503.02,507.5,76402535.0,613961.0,506.255652,495.2399999999993,494.79166684822445,68.2731233679359,6.027205461926599,6.15767921631191,-0.13047375438531095,4.868061583982076
SPY,2024-02-23 05:00:00,509.27,510.13,507.1,507.85,61321818.0,489694.0,508.555832,496.2309999999993,496.035317624584,68.5291438737994,6.348052908060993,6.195753954661726,0.15229895339926625,4.736771470840496
SPY,2024-02-26 05:00:00,508.3,508.75,505.86,505.99,50386738.0,434429.0,507.147762,497.1599999999993,496.98338261271886,65.5040079799827,6.378710560638524,6.232345275857086,0.14636528478143784,4.604859222923317
SPY,2024-02-27 05:00:00,506.7,507.16,504.75,506.93,48831828.0,400260.0,506.164792,497.9429999999993,497.9306795067456,66.31334073773942,6.405023985756088,6.266881017836886,0.1381429679192019,4.448083564143082
SPY,2024-02-28 05:00:00,505.33,506.855,504.96,506.26,56506634.0,420488.0,505.970735,498.7114999999993,498.7239481251508,65.14022896451132,6.299200897335311,6.273344993736571,0.025855903598739793,4.271077595275721
SPY,2024-02-29 05:00:00,508.07,509.74,505.35,508.08,83924795.0,547845.0,508.027166,499.97149999999937,499.61500068466023,66.85549426363563,6.2896904901984385,6.276614093028945,0.013076397169493603,4.279572052756026
SPY,2024-03-01 05:00:00,508.98,513.29,508.56,512.85,76844844.0,544943.0,511.576233,501.15399999999937,500.87547680993066,70.89726970236595,6.591074752524776,6.339506224928111,0.2515685275966648,4.34603119184488
SPY,2024-03-04 05:00:00,512.03,514.2,512.0,512.3,49799257.0,466601.0,512.776634,502.0514999999993,501.9635266375563,69.83974079862034,6.708215416711823,6.413248063284853,0.2949673534269701,4.19274324957025
SPY,2024-03-05 05:00:00,510.24,510.7,504.91,507.18,73320623.0,593892.0,507.450575,502.78299999999933,502.4603336244557,60.75456007343269,6.315112342593864,6.393620919146655,-0.07850857655279153,4.421118731743799
SPY,2024-03-06 05:00:00,510.55,512.069,508.42,509.75,68392367.0,603738.0,510.133504,503.5714999999994,503.15458756498373,63.332984239585954,6.140172756403501,6.3429312865980245,-0.20275853019452317,4.454538822333524
SPY,2024-03-07 05:00:00,513.14,515.89,509.8053,514.81,58652085.0,526279.0,514.502448,504.40699999999936,504.2646268445091,67.81633517525874,6.336785071993347,6.341702043677089,-0.004916971683742055,4.574928906452557
SPY,2024-03-08 05:00:00,515.46,518.2201,511.13,511.72,86532535.0,737848.0,514.213562,505.0769999999993,504.9746623831273,62.768969024002075,6.172116258600852,6.307784886661842,-0.13566862806098978,4.75458398456309
SPY,2024-03-11 04:00:00,510.48,511.88,508.5,511.28,62557183.0,573251.0,510.488944,505.58099999999934,505.57517072759134,62.06065517883018,5.937665008693898,6.233760911068253,-0.296095902374355,4.656399414237155
SPY,2024-03-12 04:00:00,513.45,517.38,510.86,516.78,73694439.0,602906.0,515.220994,506.37099999999936,506.6422973249636,67.06385849434871,6.1250588726278465,6.212020503380172,-0.08696163075232555,4.789513741791644
SPY,2024-03-13 04:00:00,517.11,517.29,514.49,515.97,55104088.0,471659.0,516.289015,507.46549999999934,507.53064996068133,65.68992998080546,6.1374608016629395,6.197108563036726,-0.059647761373786246,4.647405617377951
SPY,2024-03-14 04:00:00,516.97,517.125,511.82,514.95,110171820.0,729546.0,514.232417,508.2844999999994,508.2372547263307,63.91421644506588,5.9958673181244535,6.1568603140542715,-0.16099299592981797,4.694376644708099
SPY,2024-03-15 04:00:00,510.21,511.7,508.122,509.83,107646297.0,694373.0,509.878053,508.6754999999994,508.3889447523945,55.765418576939375,5.408170231954728,6.007122297634362,-0.5989520656796348,4.846778312943237
SPY,2024-03-18 04:00:00,514.0,515.48,512.44,512.86,88893331.0,568827.0,513.866925,509.3429999999994,508.8147595378807,59.089617235421535,5.127801629035957,5.831258163914681,-0.7034565348787236,4.904151290590152
SPY,2024-03-19 04:00:00,512.15,515.995,511.12,515.71,60755263.0,489558.0,513.975803,510.2904999999993,509.4714491057016,61.98351956956396,5.077053559751562,5.680417243082057,-0.6033636833304952,4.902069055547997
SPY,2024-03-20 04:00:00,515.77,520.62,515.08,520.48,69594574.0,566876.0,517.810639,511.4539999999994,510.5198825242062,66.28248619591274,5.359948336696846,5.616323461805015,-0.2563751251081694,4.947635551580281
SPY,2024-03-21 04:00:00,523.39,524.11,521.91,522.2,60256112.0,506364.0,523.115718,512.1889999999994,511.632274664758,67.70081987614851,5.657715488586177,5.624601867161248,0.03311362142492946,4.853518726467404
SPY,2024-03-22 04:00:00,522.11,522.605,520.97,521.21,79070842.0,467269.0,521.804855,512.8569999999994,512.5444389824,65.98042009219806,5.747559092048334,5.6491933121386655,0.09836577990966866,4.623624531719732
SPY,2024-03-25 04:00:00,519.8,520.95,519.61,519.77,48512108.0,413060.0,520.310505,513.5459999999995,513.2325876507429,63.454554530590144,5.637578335877151,5.646870316886362,-0.009291981009210915,4.40765135088261
SPY,2024-03-26 04:00:00,521.23,521.58,518.4,518.81,65463744.0,427328.0,520.103613,514.1399999999994,513.7637697792435,61.75718625677651,5.410583973225869,5.599613048154263,-0.1890290749283947,4.319961968676713
SPY,2024-03-27 04:00:00,521.71,523.21,519.485,523.17,82999777.0,518970.0,521.199867,514.9854999999994,514.6596012288394,66.18169499410563,5.518886578291358,5.583467754181682,-0.06458117589032408,4.3256789709140975
SPY,2024-03-28 04:00:00,523.21,524.61,522.78,523.07,96294886.0,495562.0,523.585937,515.7349999999994,515.4605915879976,65.99310788879684,5.532868544330881,5.573347912211522,-0.04047936788064099,4.147416187277379
SPY,2024-04-01 04:00:00,523.83,524.38,520.97,522.16,62477540.0,449575.0,522.37037,516.2004999999994,516.0986304843788,64.2002859952223,5.408177850551851,5.540313899879588,-0.1321360493277366,4.0947436024718495
SPY,2024-04-02 04:00:00,518.24,518.98,516.48,518.84,74230308.0,570884.0,517.893925,516.5274999999995,516.3597132953903,58.00855618867175,4.984010750291191,5.4290532699619085,-0.44504251967071795,4.207976202295286
SPY,2024-04-03 04:00:00,517.72,520.95,517.665,519.41,59155759.0,486600.0,519.744621,517.1389999999994,516.6502167910674,58.74422315994137,4.64035834125184,5.271314284219895,-0.6309559429680549,4.142049330702771
SPY,2024-04-04 04:00:00,523.52,523.8674,512.755,513.07,96908074.0,772269.0,517.902986,517.3049999999994,516.3092437633467,48.554759132288986,3.8124784385429393,4.979547115084504,-1.1670686765415645,4.639931521366857
SPY,2024-04-05 04:00:00,514.46,520.44,514.01,518.43,74546483.0,669740.0,517.820377,517.4859999999994,516.5112205477899,55.571117742813094,3.547985882989792,4.693234868665561,-1.145248985675769,4.834936412697796
SPY,2024-04-08 04:00:00,519.15,520.18,517.89,518.72,48401702.0,443840.0,518.94321,517.8359999999994,516.7215804956194,55.92139529269856,3.323463386382855,4.41928057220902,-1.0958171858261654,4.653155240362237
SPY,2024-04-09 04:00:00,520.5,520.75,514.35,519.32,68124385.0,532493.0,517.391628,518.2379999999994,516.9690490198461,56.68233438534509,3.157544468683568,4.16693335150393,-1.009388882820362,4.7779298660506475
SPY,2024-04-10 04:00:00,513.48,516.16,512.09,514.12,82652806.0,753675.0,513.895741,518.1049999999993,516.6977110179561,48.816801439400486,2.5767527870823415,3.8488972386196125,-1.272144451537271,4.953077732761317
SPY,2024-04-11 04:00:00,515.68,519.48,512.08,518.0,70099007.0,582634.0,516.326992,518.2064999999994,516.8217385400554,53.95143646693058,2.401867534692883,3.5594912978342665,-1.1576237631413835,5.127857894706936
SPY,2024-04-12 04:00:00,514.37,515.815,509.08,510.85,92486785.0,767726.0,511.756783,518.0014999999994,516.2530015362406,44.99379317932148,1.6671070943913264,3.1810144571456784,-1.513907362754352,5.398725187942156
SPY,2024-04-15 04:00:00,515.13,515.3,503.58,504.45,92101447.0,841318.0,508.554344,517.7324999999994,515.1289061518368,38.786158693045024,0.5619004007717194,2.6571916458708866,-2.095291245099167,5.850244817374857
SPY,2024-04-16 04:00:00,504.94,506.5,502.21,503.53,73484020.0,689033.0,504.154817,517.2659999999994,514.0242484230904,37.97507676172357,-0.3837960161755518,2.0489941134615988,-2.4327901296371506,5.7387987589909395
SPY,2024-04-17 04:00:00,506.05,506.22,499.12,500.55,75910305.0,704743.0,502.08167,516.5079999999995,512.7409866685103,35.393280904224525,-1.358073311320311,1.3675806285052168,-2.725653939825528,5.836027419063017
SPY,2024-04-18 04:00:00,501.98,504.13,498.56,499.52,74548085.0,627452.0,500.798291,515.4599999999995,511.48184508103316,34.519714196125456,-2.1880846016892974,0.6564475824663139,-2.8445321841556113,5.817025460558516
SPY,2024-04-19 04:00:00,499.44,500.455,493.86,495.16,102212587.0,756686.0,496.609293,514.1079999999995,509.9273836447443,31.028547069682872,-3.1612491784548524,-0.10709176971791945,-3.054157408736933,5.87259507051862
SPY,2024-04-22 04:00:00,497.83,502.38,495.43,499.72,67962998.0,601783.0,498.90643,513.0334999999994,508.95525186905434,38.081732198440946,-3.5239137422631757,-0.7904561642269707,-2.733457578036205,5.968838279767288
SPY,2024-04-23 04:00:00,501.78,506.09,499.5328,505.65,64633620.0,527370.0,504.681709,512.3274999999994,508.64046597676344,45.83850523353669,-3.294845651317985,-1.2913340616451736,-2.0035115896728115,6.010864116926766
SPY,2024-04-24 04:00:00,506.56,507.37,503.13,505.41,55928076.0,495174.0,505.352357,511.65749999999946,508.332802550405,45.58957989421858,-3.0969735498501905,-1.652461959286177,-1.4445115905640136,5.884373822860569
SPY,2024-04-25 04:00:00,499.18,504.27,497.49,503.49,69122368.0,625039.0,500.945618,510.6734999999994,507.87158325989026,43.55196957590101,-3.059814797419847,-1.9339325269129108,-1.125882270506936,6.029775692656244
SPY,2024-04-26 04:00:00,506.35,509.88,505.7,508.26,64306118.0,491759.0,508.514625,509.9329999999994,507.9085753303769,49.58105117308643,-2.615319309932545,-2.0702098835168377,-0.5451094264157073,6.055506000323654
SPY,2024-04-29 04:00:00,510.09,510.75,507.25,510.06,46415449.0,440177.0,509.541004,509.3279999999994,508.11347291796005,51.67845469197475,-2.0936739073721355,-2.074902688287897,-0.0187712190842384,5.872969857443393
SPY,2024-04-30 04:00:00,508.56,509.56,501.98,501.98,77483566.0,575798.0,505.601383,508.4849999999994,507.5293326400591,43.025943876914994,-2.30567623975503,-2.121057398581324,-0.1846188411737062,6.0306148676260065
SPY,2024-05-01 04:00:00,501.38,508.19,499.865,500.35,80242839.0,733935.0,502.791341,507.5319999999994,506.8455866743392,41.51583810083333,-2.575527910542121,-2.211951500973483,-0.3635764095686378,6.194499519938434
SPY,2024-05-02 04:00:00,504.15,505.89,499.55,505.03,62685179.0,532686.0,503.349546,507.1299999999995,506.67267365773546,47.24134104445433,-2.3842660809816607,-2.2464144169751186,-0.13785166400654214,6.204892411371402
SPY,2024-05-03 04:00:00,511.16,512.55,508.56,511.29,72838709.0,579112.0,510.75989,506.7729999999995,507.11241902366544,53.76194854300126,-1.7078727264145073,-2.138706078862996,0.43083335244848886,6.298828667702014
SPY,2024-05-06 04:00:00,513.75,516.61,513.3,516.57,47264703.0,444751.0,514.887471,506.6654999999995,508.01314102141157,58.428869244136,-0.7372753947574893,-1.8584199420418948,1.1211445472844055,6.228912334294726
SPY,2024-05-07 04:00:00,517.56,518.57,516.45,517.14,52561299.0,432297.0,517.525469,506.5564999999995,508.88236568603907,58.91101892743962,0.07703619437273801,-1.4713287147589682,1.5483649091317062,5.935418596130818
SPY,2024-05-08 04:00:00,515.26,517.74,515.14,517.19,42047214.0,369156.0,516.898349,506.70999999999947,509.6735689540354,58.95598859528387,0.7181403032996059,-1.0334349111472534,1.7515752144468593,5.697174410692904
SPY,2024-05-09 04:00:00,517.38,520.2074,516.705,520.17,43643668.0,399521.0,519.105998,506.8184999999995,510.673229053651,61.6499489347336,1.4499667099710791,-0.5367545869235868,1.986721296894666,5.5404048099291225
SPY,2024-05-10 04:00:00,521.81,522.635,519.59,520.84,52233171.0,428544.0,520.934119,507.3179999999995,511.6414929533033,62.249882183449145,2.0602584336028826,-0.017351982818292866,2.0776104164211757,5.362161609219896
SPY,2024-05-13 04:00:00,522.56,522.67,519.74,520.91,36716361.0,360851.0,521.07114,508.14099999999945,512.5242079101316,62.31621057622759,2.52051253692008,0.49022092112938176,2.0302916157906985,5.1884357799899
SPY,2024-05-14 04:00:00,521.11,523.83,520.56,523.3,57535867.0,417237.0,522.360835,509.1294999999994,513.5504738234524,64.6030296154237,3.0430419621752662,1.0007851293385586,2.0422568328367077,5.051404652847771
SPY,2024-05-15 04:00:00,525.83,530.08,525.18,529.78,59504897.0,510553.0,528.191025,510.59099999999944,515.0961429831236,69.93096042185242,3.934675649059727,1.5875632332827925,2.3471124157769347,5.174875749072937
SPY,2024-05-16 04:00:00,529.88,531.5218,528.54,528.69,50244827.0,436763.0,529.991819,512.0494999999994,516.39079603235,68.07480197658609,4.5014578749770635,2.1703421616216465,2.331115713355417,5.018227481282014
SPY,2024-05-17 04:00:00,528.81,529.52,527.32,529.45,59187585.0,372347.0,528.791168,513.7639999999994,517.6345297435547,68.69865224759091,4.954846138872654,2.727242957071848,2.2276031818008057,4.816925518333293
SPY,2024-05-20 04:00:00,529.57,531.5601,529.17,530.06,37764206.0,331754.0,530.385364,515.2809999999995,518.8179078632162,69.21857216583805,5.302260349743847,3.2422464356062477,2.060013914137599,4.643580838452349
SPY,2024-05-21 04:00:00,529.28,531.52,529.07,531.36,33437001.0,306615.0,530.495412,516.5664999999996,520.0123928286242,70.3489200724461,5.61773005513021,3.71734315951104,1.9003868956191696,4.486896492848605
SPY,2024-05-22 04:00:00,530.65,531.38,527.6,529.83,48389968.0,340286.0,529.583635,517.7874999999996,520.9474030354219,67.22027415881769,5.678821931941343,4.109638913997101,1.5691830179442423,4.43640388621656
SPY,2024-05-23 04:00:00,532.96,533.07,524.72,525.96,57211197.0,440800.0,528.067408,518.9109999999995,521.4247932225245,59.95684106869541,5.353252069819746,4.35836154516163,0.9948905246581159,4.7159464657725225
SPY,2024-05-24 04:00:00,527.85,530.27,526.881,529.44,41331076.0,328934.0,528.970509,519.9699999999996,522.1881462489507,63.7500126050803,5.3147770830314585,4.549644652735596,0.7651324302958624,4.686950289645909
SPY,2024-05-28 04:00:00,530.27,530.51,527.11,529.81,36269602.0,343542.0,529.221141,520.9574999999995,522.914037082384,64.1389718092627,5.2535812719233945,4.690431976573156,0.5631492953502386,4.595025268956915
SPY,2024-05-29 04:00:00,525.68,527.31,525.37,526.1,45190323.0,359207.0,526.368017,522.1634999999995,523.2174621221569,57.479139145835056,4.8498115478709,4.722307890832704,0.12750365703819533,4.583952035459989
SPY,2024-05-30 04:00:00,524.52,525.2,521.33,522.61,46468510.0,385210.0,523.604962,523.2764999999996,523.1596085867134,52.008342895338934,4.199794680902528,4.617805248846669,-0.41801056794414126,4.597241175784275
SPY,2024-05-31 04:00:00,523.59,527.5,518.36,527.37,90785855.0,530032.0,523.136369,524.3934999999996,523.5605982451216,57.89466022246902,4.022376398452593,4.498719478767854,-0.47634308031526107,4.921723948942541
SPY,2024-06-03 04:00:00,529.02,529.31,522.6,527.8,46835702.0,468403.0,526.528069,525.2189999999995,523.9643507932052,58.39114944974045,3.8718364176334035,4.373342866540964,-0.5015064489075609,5.0494579525894965
SPY,2024-06-04 04:00:00,526.46,529.15,524.96,528.39,34632661.0,357976.0,527.076531,525.8099999999995,524.3858411938523,59.10371488613042,3.7568340233433446,4.25004109790144,-0.49320707455809565,4.988068098833099
SPY,2024-06-05 04:00:00,530.77,534.69,528.7254,534.67,47610365.0,409460.0,532.473044,526.6864999999996,525.3652848896759,65.81449939885769,4.124888170000986,4.225010512321349,-0.10012234232036299,5.0817775203450255
SPY,2024-06-06 04:00:00,534.98,535.42,532.68,534.66,30808530.0,304874.0,534.345257,527.5599999999995,526.2504958525639,65.79598481883856,4.365444687524928,4.253097347362065,0.11234734016286296,4.914507697463239
SPY,2024-06-07 04:00:00,533.66,536.89,532.535,534.01,43224525.0,336983.0,534.64139,528.2519999999995,526.9894962475578,64.52535017302598,4.452314384302554,4.292940754750163,0.1593736295523911,4.874542861930152
SPY,2024-06-10 04:00:00,533.18,535.99,532.57,535.66,35729252.0,344628.0,534.725401,528.9929999999995,527.8152585096951,66.30425080362916,4.601259994207567,4.354604602641643,0.2466553915659233,4.770646943220853
SPY,2024-06-11 04:00:00,534.07,537.01,532.05,536.95,36383411.0,360292.0,534.968553,529.7949999999995,528.6852338897241,67.66927233150861,4.768425244199193,4.437368730953153,0.3310565132460397,4.784172161562223
SPY,2024-06-12 04:00:00,541.63,544.12,540.3,541.36,63251305.0,488541.0,542.302434,530.6979999999996,529.8923544716552,71.86531590471202,5.196849012777193,4.589264787317961,0.6075842254592319,4.954588435736347
SPY,2024-06-13 04:00:00,543.15,543.325,539.59,542.45,44760949.0,350322.0,541.903157,531.3314999999996,531.0883207124499,72.80479984669874,5.560236876902081,4.783459205234785,0.776777671667296,4.867474976040895
SPY,2024-06-14 04:00:00,540.88,542.81,539.85,542.78,40089895.0,342838.0,541.571526,532.0359999999996,532.2018139779309,73.09769283205858,5.807902731964077,4.988347910580644,0.8195548213834334,4.731226763466539
SPY,2024-06-17 04:00:00,542.08,548.53,541.6072,547.1,55839457.0,402255.0,545.87853,532.9184999999995,533.6206888371755,76.64395263106513,6.280371390693858,5.246752606603287,1.0336187840905717,4.887767708933211
SPY,2024-06-18 04:00:00,547.16,548.62,546.73,548.49,41376417.0,324668.0,547.868787,533.8399999999996,535.0368137098254,77.66418379607207,6.689851150203708,5.535372315323371,1.1544788348803374,4.67364144400941
SPY,2024-06-20 04:00:00,549.44,550.12,545.18,547.0,70328226.0,470269.0,547.575033,534.6219999999996,536.1761647850801,73.93588536786628,6.815570606797337,5.791411973618164,1.024158633179173,4.692667055151598
SPY,2024-06-21 04:00:00,544.4,545.65,543.02,544.51,64513859.0,392335.0,544.447574,535.3559999999995,536.9698633769773,68.05618434007641,6.63776595761226,5.960682770416983,0.6770831871952767,4.641762265497914
SPY,2024-06-24 04:00:00,544.33,546.95,542.62,542.74,45528654.0,392113.0,544.440534,536.1949999999996,537.5194001982176,64.15082657755701,6.281619683092799,6.024870152952146,0.25674953014065327,4.6194935322480655
SPY,2024-06-25 04:00:00,543.99,545.2,542.44,544.83,38273346.0,314940.0,544.104149,536.9644999999996,538.2156477983873,66.58887345212514,6.097725938861458,6.039441310134008,0.058284628727450105,4.4866725656589175
SPY,2024-06-26 04:00:00,543.69,546.24,543.03,545.51,38550637.0,336264.0,544.662273,537.7494999999997,538.9103480080647,67.36650488104745,5.9384049034795225,6.019234028803111,-0.08082912532358844,4.395481668111855
SPY,2024-06-27 04:00:00,545.37,546.96,544.61,546.37,35041480.0,318146.0,545.767008,538.7629999999997,539.6207910549157,68.36919593320596,5.814510589109204,5.97828934086433,-0.16377875175512546,4.249375834675296
SPY,2024-06-28 04:00:00,547.16,550.28,542.95,544.22,75925045.0,490952.0,546.132413,539.8434999999996,540.0588109544475,63.145580444227264,5.479670193644097,5.878565511420283,-0.39889531777618625,4.46942041791277
SPY,2024-07-01 04:00:00,545.63,545.88,542.52,545.34,40297810.0,370685.0,544.684439,540.7419999999995,540.5617813397382,64.66031873153348,5.244229197839331,5.751698248704093,-0.5074690508647617,4.3901761023475725
SPY,2024-07-02 04:00:00,543.7,549.01,543.65,549.01,40434792.0,326760.0,546.880645,541.8024999999996,541.3663735930965,69.13666437989802,5.292767116250502,5.6599120222133745,-0.3671449059628724,4.459449237894176
SPY,2024-07-03 04:00:00,548.69,551.83,548.65,551.46,32789911.0,253838.0,550.337491,542.9559999999996,542.3276713461349,71.71262020253863,5.465920560974382,5.621113729965576,-0.15519316899119406,4.368060006616025
SPY,2024-07-05 04:00:00,551.77,555.05,551.12,554.64,41488389.0,339620.0,553.632822,543.9544999999996,543.5002740750745,74.66798444325407,5.792967612413577,5.655484506455176,0.13748310595840074,4.336770006143448
SPY,2024-07-08 04:00:00,555.44,556.2501,554.19,555.28,36110451.0,315486.0,555.150626,544.9854999999995,544.6221527345912,75.22890459392448,6.034238463399674,5.7312352978440755,0.3030031655555989,4.1741507199903385
SPY,2024-07-09 04:00:00,556.26,557.18,555.52,555.82,27314125.0,298712.0,556.17382,546.0759999999996,545.6886143789159,75.71747108795306,6.197579005187663,5.824504039312793,0.37307496587486977,4.01171138284817
SPY,2024-07-10 04:00:00,557.07,561.67,556.77,561.32,38701220.0,339735.0,559.350535,547.3589999999996,547.1773177714001,80.03635817606025,6.693671121914008,5.9983374558330365,0.6953336660809715,4.143017712644723
SPY,2024-07-11 04:00:00,561.44,562.33,555.83,556.48,53054184.0,458805.0,557.90259,548.3354999999995,548.0632875074573,68.49165090007031,6.619969263259009,6.122663817318231,0.4973054459407775,4.311373590312957
SPY,2024-07-12 04:00:00,557.63,563.67,557.15,559.99,53084405.0,418470.0,560.737146,549.2669999999995,549.1991648876995,71.68177826617928,6.7667843966403325,6.251487933182651,0.5152964634576813,4.516989762433456
SPY,2024-07-15 04:00:00,562.03,564.8371,559.63,561.53,40584293.0,398072.0,562.110674,550.2209999999994,550.37353013649,72.97464019376378,6.927545149042885,6.386699376354698,0.5408457726881872,4.566283350831063
SPY,2024-07-16 04:00:00,562.865,565.16,562.1,564.86,36475260.0,354166.0,563.682953,551.3249999999995,551.7531939330147,75.57173058603681,7.24019194765981,6.55739789061572,0.6827940570440898,4.499405968628844
SPY,2024-07-17 04:00:00,558.8,560.51,556.61,556.94,57118956.0,472516.0,558.047099,551.8169999999994,552.2471754632038,60.64468230213226,6.770838961417667,6.600086104776109,0.17075285664155793,4.767305542298212
SPY,2024-07-18 04:00:00,558.51,559.52,550.43,552.66,56270392.0,510019.0,554.093499,552.0254999999995,552.2864920857559,54.39217424299726,5.9845272034054915,6.4769743245019855,-0.492447121096494,5.076069432134056
SPY,2024-07-19 04:00:00,552.42,554.08,547.91,548.99,65509081.0,446111.0,549.923605,552.1249999999994,551.9725404585411,49.663833631243875,5.007507709767424,6.183081001555073,-1.1755732917876491,5.154207329838771
SPY,2024-07-22 04:00:00,553.0,555.27,551.02,554.65,43346720.0,419641.0,553.63256,552.6319999999994,552.2275366053467,56.014469590934965,4.636480953102023,5.873760991864463,-1.2372800387624405,5.234621091993143
SPY,2024-07-23 04:00:00,554.54,556.735,553.275,553.78,34439561.0,308680.0,554.947013,553.1839999999995,552.3753902619803,54.86856569957054,4.223551375052466,5.543719068502064,-1.3201676934495978,5.107862442565064
SPY,2024-07-24 04:00:00,548.86,549.17,540.29,541.23,74515266.0,537919.0,543.775404,553.0039999999995,551.3139245227441,41.63641469677277,2.850759809628471,5.005127216727345,-2.1543674070988743,5.706586553810417
SPY,2024-07-25 04:00:00,541.35,547.455,537.45,538.41,61158288.0,555720.0,541.737207,552.6489999999994,550.0849793301018,39.340594734840636,1.5177663061238036,4.307655034606637,-2.7898887284828335,6.013616085681101
SPY,2024-07-26 04:00:00,542.28,547.19,541.49,544.44,53763788.0,458201.0,544.081331,552.5524999999994,549.5473622510444,46.175009775068396,0.9371273355019412,3.633549494785698,-2.696422159283757,6.211214936703885
SPY,2024-07-29 04:00:00,546.02,547.05,542.72,544.76,39515824.0,364441.0,545.305528,552.5794999999995,549.0914229890402,46.51937321636174,0.4970583148095784,3.006251258790474,-2.5091929439808958,6.076842441225031
SPY,2024-07-30 04:00:00,546.26,547.34,538.515,542.0,46853632.0,428534.0,542.546757,552.4124999999995,548.4160493710364,43.90997672803717,-0.07356052835177707,2.390288901362024,-2.463849429713801,6.273139409708961
SPY,2024-07-31 04:00:00,548.98,553.5,547.5799,550.81,65663388.0,499830.0,550.610032,552.5024999999994,548.644044669033,52.97705830759857,0.1830037458478273,1.9488318702591847,-1.7658281244113574,6.646486594729749
SPY,2024-08-01 04:00:00,552.57,554.8688,539.43,543.01,76428732.0,658124.0,544.809871,552.0799999999995,548.1074689862679,45.90218538852866,-0.2402920934072199,1.5110070775259037,-1.7512991709331236,7.274508980820483
SPY,2024-08-02 04:00:00,535.75,536.99,528.6,532.9,82789070.0,746100.0,531.726908,550.9929999999995,546.6591386066234,38.689945572662076,-1.3756914877704958,0.9336673644666238,-2.3093588522371196,7.784186910761875
SPY,2024-08-05 04:00:00,511.64,523.58,510.27,517.38,146267391.0,1274896.0,517.191195,549.0979999999994,543.8706492155164,30.71230517995451,-3.4876347000179067,0.04940695156971764,-3.537041651587624,8.844602131421741
SPY,2024-08-06 04:00:00,519.22,529.75,517.87,522.15,84826312.0,731363.0,524.399558,547.4144999999994,541.8020159568958,35.138921189103286,-4.722033117590399,-0.9048810622623058,-3.8171520553280933,9.096416264891618
SPY,2024-08-07 04:00:00,528.47,531.59,518.0519,518.66,70698340.0,644157.0,524.14742,545.2814999999994,539.5980144371915,33.45482744312737,-5.913746600103423,-1.9066541698305293,-4.007092430272893,9.41367938882793
SPY,2024-08-08 04:00:00,523.91,531.29,521.84,530.65,63276589.0,570742.0,528.220388,543.9899999999994,538.7458225860304,43.47738432943524,-5.823564894378819,-2.6900363147401873,-3.133528579638632,9.64341657534022
SPY,2024-08-09 04:00:00,529.81,534.51,528.56,532.99,45619558.0,459823.0,531.740787,542.6399999999994,538.1976490064085,45.21171164728516,-5.499877633262599,-3.25200457844467,-2.2478730548179295,9.379601105673064
SPY,2024-08-12 04:00:00,534.21,535.73,530.95,533.27,42542069.0,437515.0,533.215795,541.2269999999994,537.7283491010362,45.42749085451661,-5.161263652236926,-3.633856393203121,-1.5274072590338048,9.051058169553558
SPY,2024-08-13 04:00:00,536.53,542.28,536.28,542.04,52333073.0,422228.0,540.0315,540.0859999999993,538.1389825199851,51.82706679098455,-4.137548839157148,-3.7345948823939263,-0.40295395676322165,9.048125443156875
SPY,2024-08-14 04:00:00,542.85,544.96,540.12,543.75,42446929.0,389697.0,543.081967,539.4264999999994,538.6733651371294,52.984769486735495,-3.151931263790857,-3.6180621586733124,0.4661308948824554,8.747545054359957
SPY,2024-08-15 04:00:00,549.5,553.36,548.88,553.07,60846812.0,480232.0,551.705097,539.4469999999993,540.0444732193075,58.796817587829196,-1.600328533645893,-3.2145154336678283,1.6141869000219353,8.809148979048533
SPY,2024-08-16 04:00:00,551.42,555.02,551.26,554.31,44430728.0,328824.0,553.519424,539.7129999999993,541.4030948174687,59.513929137501684,-0.26753062787827275,-2.625118472509917,2.3575878446316443,8.448495480545066
SPY,2024-08-19 04:00:00,554.73,559.61,553.86,559.61,39121793.0,365312.0,557.241465,539.9609999999993,543.1370857872337,62.51676689395457,1.2025250604341409,-1.8595897659211054,3.0621148263552462,8.255745803363276
SPY,2024-08-20 04:00:00,559.15,560.84,557.325,558.7,33732264.0,335460.0,558.847888,540.2069999999993,544.6192680932114,61.6709870282428,2.267981510702384,-1.0340755105964075,3.3020570212987916,7.9171211031230415
SPY,2024-08-21 04:00:00,559.77,562.11,554.73,560.62,41514600.0,357431.0,560.174061,541.1764999999994,546.1431473224294,62.81408594507776,3.2300572878560843,-0.1812489509059091,3.4113062387619935,7.878755310042824
SPY,2024-08-22 04:00:00,562.56,563.18,554.98,556.22,56121456.0,438323.0,558.026024,542.0669999999993,547.1028475774361,58.50777033002221,3.596013440465299,0.5742035273683326,3.0218099130969662,7.901701359325474
SPY,2024-08-23 04:00:00,559.53,563.09,557.29,562.13,50639393.0,479176.0,560.85255,542.9514999999993,548.5340049510137,62.25121389698256,4.313204005153921,1.3220036229254502,2.9912003822284703,7.828008405087941
SPY,2024-08-26 04:00:00,563.18,563.91,559.05,560.79,35788609.0,374792.0,561.12996,543.7529999999994,549.7012425747266,60.90940437109028,4.719057535834054,2.001414405507171,2.717643130326883,7.616007804724517
SPY,2024-08-27 04:00:00,559.49,562.06,558.32,561.56,32693898.0,306107.0,560.978202,544.7309999999993,550.8306480438002,61.42395879129647,5.0446800167278525,2.6100675277513075,2.434612488976545,7.339150104387044
SPY,2024-08-28 04:00:00,561.21,561.65,555.04,558.3,41066024.0,389475.0,558.350832,545.1054999999993,551.5420148967717,57.94622955595786,4.982251134046578,3.0845042490103616,1.8977468850362165,7.2870679540736845
SPY,2024-08-29 04:00:00,560.31,563.68,557.18,558.35,38715176.0,400443.0,560.370037,545.8724999999993,552.1903944304124,57.98552064230097,4.880550429563641,3.4437134851210174,1.4368369444426237,7.2308488144969925
SPY,2024-08-30 04:00:00,560.77,564.2,557.14,563.68,62700110.0,430114.0,561.270306,547.4114999999994,553.284642579897,62.05539516053984,5.170436767309866,3.789058141558787,1.3813786257510787,7.218645327747211
SPY,2024-09-03 04:00:00,560.47,560.81,549.51,552.08,60600113.0,592610.0,554.506298,549.1464999999994,553.1699147151448,50.573350678479834,4.4132772112157,3.9139019554901697,0.4993752557255302,7.71517066147955
SPY,2024-09-04 04:00:00,550.2,554.43,549.46,550.95,47224939.0,510879.0,551.570698,550.5864999999994,552.9584942660834,49.610370631181574,3.679624827253406,3.867046529842817,-0.18742170258941115,7.519087042802433
SPY,2024-09-05 04:00:00,550.89,553.7995,547.1,549.61,44264258.0,501683.0,549.838735,552.1339999999994,552.639590050266,48.43264325465626,2.9559983175707885,3.6848368873884114,-0.728838569817623,7.4605451111736825
SPY,2024-09-06 04:00:00,549.94,551.6,539.44,540.36,68493805.0,673258.0,542.599443,552.6194999999996,551.470105283574,41.16743987241641,1.6174761425479574,3.2713647384203206,-1.6538885958723633,7.79622046037556
SPY,2024-09-09 04:00:00,544.65,547.71,542.68,546.41,40445822.0,458651.0,545.526989,553.2904999999995,550.9881904946621,46.789614552367404,1.0329647388399508,2.8236847385042467,-1.790719999664296,7.764347570348735
SPY,2024-09-10 04:00:00,548.36,549.15,543.38,548.79,36394579.0,410778.0,547.136011,554.0664999999996,550.7788390189801,48.860010861708815,0.7531000807914552,2.4095678069616886,-1.6564677261702334,7.621894172466681
SPY,2024-09-11 04:00:00,548.7,555.36,539.96,554.42,75248608.0,646260.0,547.841231,554.6854999999995,551.1256162552677,53.47199333451616,0.9743673705734182,2.1225277196840344,-1.1481603491106163,8.177473160147631
SPY,2024-09-12 04:00:00,555.01,559.4,552.74,559.09,51892735.0,478029.0,557.019399,555.4524999999995,551.8841289928613,56.94084470201738,1.5091566446695879,1.9998535046811452,-0.4906968600115573,8.069082220137084
SPY,2024-09-13 04:00:00,559.71,563.03,559.45,562.01,39310501.0,400749.0,561.691649,555.8994999999995,552.8484976602078,58.99917241681637,2.1438871968000512,2.0286602431049263,0.11522695369512492,7.774147775841574
SPY,2024-09-16 04:00:00,561.74,563.11,559.9,562.84,36656122.0,360839.0,561.758655,556.3259999999996,553.8000693116167,59.59047890402653,2.682962276710782,2.1595206498260975,0.5234416268846847,7.4481372204243215
SPY,2024-09-17 04:00:00,565.1,566.58,560.795,563.07,49320970.0,443173.0,563.575408,556.4989999999996,554.6829198533675,59.763649054880474,3.0930870569632134,2.3462339312535208,0.7468531257096926,7.329341704679733
SPY,2024-09-18 04:00:00,563.74,568.69,560.83,561.4,59044937.0,621397.0,563.767432,556.6339999999994,555.3226417720944,57.82595388894695,3.245941661924917,2.5261754773878,0.719766184537117,7.367245868631181
SPY,2024-09-19 04:00:00,571.01,572.88,568.08,570.98,75315470.0,548399.0,570.959024,557.1519999999994,556.8138187461806,64.86376077226701,4.092925279351562,2.8395254377805523,1.2533998415710093,7.661014020871812
SPY,2024-09-20 04:00:00,567.84,569.31,565.17,568.25,77503110.0,471471.0,567.546377,557.7534999999995,557.902978865592,61.70377149790891,4.492095631701886,3.170039476564819,1.322056155137067,7.528798733666686
SPY,2024-09-23 04:00:00,569.34,570.3325,568.1,569.67,44116922.0,367490.0,569.293768,558.1304999999995,559.0236475450594,62.7210902881214,4.866920316515348,3.5094156445549247,1.357504671960423,7.1504916812619195
SPY,2024-09-24 04:00:00,570.48,571.36,567.6,571.3,46805672.0,385277.0,570.179385,558.6559999999994,560.1928239693394,63.90635603481647,5.235151390753572,3.854562793794654,1.3805885969589178,6.908313704028925
SPY,2024-09-25 04:00:00,571.14,571.89,568.91,570.04,38428587.0,378547.0,570.405676,559.0799999999994,561.1306502579738,62.25850169342703,5.3634788547208245,4.156346005979888,1.2071328487409367,6.62771986802686
SPY,2024-09-26 04:00:00,574.38,574.71,569.9,572.3,48336004.0,403346.0,572.27229,559.7799999999994,562.1943978524524,64.04913511481894,5.583182949228217,4.441713394629554,1.1414695545986628,6.4978827345963746
SPY,2024-09-27 04:00:00,573.39,574.22,570.42,571.47,42100928.0,375875.0,572.30865,560.4359999999994,563.0777885331712,62.86940881324497,5.625478944078964,4.678466504519436,0.9470124395595274,6.305176824982353
SPY,2024-09-30 04:00:00,570.42,574.38,568.08,573.76,63655448.0,483221.0,571.774907,560.9399999999994,564.0951420062025,64.79605261187208,5.777186872305947,4.898210578076738,0.8789762942292088,6.304807051769324
SPY,2024-10-01 04:00:00,573.4,574.0622,566.0,568.62,72668778.0,689277.0,568.708298,561.7669999999994,564.5260808627547,57.57477362311403,5.42018098277083,5.002604659015557,0.41757632375527365,6.430335119500084
SPY,2024-10-02 04:00:00,567.71,569.9,565.27,568.86,38097798.0,382904.0,568.373187,562.6624999999993,564.9388350663019,57.811199797758626,5.097852368659005,5.021654200944246,0.07619816771475918,6.301739753821506
SPY,2024-10-03 04:00:00,567.36,569.8025,565.49,567.82,40846466.0,414433.0,567.342061,563.5729999999993,565.213231726654,56.3458539656528,4.7042575585297755,4.958174872461352,-0.25391731393157624,6.159651199977112
SPY,2024-10-04 04:00:00,572.35,573.36,568.1,572.98,43005186.0,438794.0,570.99034,565.2039999999993,565.9529239431632,61.5529144293539,4.753899715168814,4.917319841002844,-0.16342012583403065,6.115390399978744
SPY,2024-10-07 04:00:00,571.3,571.9599,566.63,567.8,49964690.0,457719.0,569.283676,566.2734999999992,566.1288359485762,54.52211713825428,4.325398274186114,4.7989355276394985,-0.4735372534533848,6.132148228551692
SPY,2024-10-08 04:00:00,570.42,573.78,569.5299,573.17,37398693.0,368103.0,571.958492,567.4924999999993,566.7994230010928,59.66563643791617,4.368761552342903,4.712900732580179,-0.34413918023727597,6.121280497940859
SPY,2024-10-09 04:00:00,573.16,577.71,572.55,577.14,37912244.0,380793.0,575.961585,568.6284999999992,567.7842398581316,62.997534471469876,4.669644330929032,4.704249452249949,-0.03460512132091775,6.052617605230803
SPY,2024-10-10 04:00:00,575.77,577.58,574.49,576.13,44138060.0,384802.0,575.914102,569.4804999999992,568.5790741573572,61.603299355989584,4.771593581035859,4.717718278007132,0.05387530302872712,5.841002062000034
SPY,2024-10-11 04:00:00,576.05,580.33,575.91,579.58,42267994.0,369983.0,579.098683,570.3589999999992,569.6267813804661,64.49395998125279,5.07230489002518,4.788635600410741,0.2836692896144388,5.739501914714323
SPY,2024-10-14 04:00:00,581.22,585.27,580.73,584.32,36217215.0,346478.0,583.652755,571.4329999999992,571.0261355347075,68.05258960446898,5.628220532224418,4.956552586773476,0.6716679454509418,5.735966063663295
SPY,2024-10-15 04:00:00,584.59,584.9,578.545,579.78,54203636.0,450436.0,581.362965,572.2684999999992,571.8598369123544,61.67639282212557,5.637462468053172,5.092734563029415,0.5447279050237572,5.780182773401633
SPY,2024-10-16 04:00:00,579.78,582.83,578.96,582.3,30725436.0,327311.0,581.263073,573.3134999999992,572.8541381587968,63.708964134228864,5.781484355462567,5.230484521516045,0.5509998339465216,5.643741146730088
SPY,2024-10-17 04:00:00,585.91,586.12,582.16,582.35,34393714.0,350466.0,583.466236,573.8819999999993,573.7585059531971,63.75004513631304,5.832424758926209,5.350872568998078,0.48155218992813076,5.523473921963656
SPY,2024-10-18 04:00:00,584.07,585.39,582.58,584.59,37416801.0,312698.0,584.217609,574.6989999999993,574.7900768147973,65.62727856793835,5.984558411110811,5.477609737420624,0.5069486736901867,5.346082927537678
SPY,2024-10-21 04:00:00,583.85,584.85,580.6001,583.63,36439010.0,386011.0,582.897586,575.3969999999993,575.6319742610071,64.0953268622884,5.95897015101491,5.573881820139482,0.38508833087542804,5.267784146999274
SPY,2024-10-22 04:00:00,581.05,584.5,580.38,583.32,34183835.0,333521.0,582.673595,575.9979999999993,576.3641671885302,63.57920657861798,5.846284532409641,5.6283623625935135,0.2179221698161271,5.185799565070754
SPY,2024-10-23 04:00:00,581.26,581.7086,574.415,577.99,49314574.0,470975.0,578.074711,576.3954999999992,576.5190084086702,55.32961566918071,5.26618856874552,5.555927603823915,-0.28973903507839527,5.4514567389942785
SPY,2024-10-24 04:00:00,579.98,580.06,576.57,579.24,34979860.0,363434.0,578.904205,576.7424999999992,576.7781504649873,56.74704235876913,4.851398983894796,5.415021879838092,-0.5636228959432952,5.3113526862089655
SPY,2024-10-25 04:00:00,581.51,584.46,578.08,579.04,47268176.0,413616.0,581.054752,577.1209999999992,576.9935647064171,56.438467318499484,4.455180374864767,5.223053578843427,-0.7678732039786595,5.387684637194039
SPY,2024-10-28 04:00:00,582.58,582.71,580.52,580.83,30174704.0,365420.0,581.405883,577.4744999999991,577.3589394962822,58.60788369177988,4.236773426196123,5.025797548313966,-0.7890241221178425,5.26499287739447
SPY,2024-10-29 04:00:00,579.85,582.907,578.43,581.77,42899661.0,373273.0,581.336518,578.1319999999992,577.7790404966363,59.74173047169713,4.092360307709896,4.839110100193151,-0.7467497924832553,5.2087076718663
SPY,2024-10-30 04:00:00,581.29,583.32,579.29,580.01,41435839.0,389130.0,581.088774,578.6894999999992,577.9915128302899,56.614677251156124,3.7921806814575802,4.6297242164460375,-0.8375435349884572,5.124514266733
SPY,2024-10-31 04:00:00,575.56,575.63,568.44,568.64,60182451.0,577902.0,571.335079,578.7304999999991,577.1008925607385,41.50155171502997,2.606772932325839,4.2251339596219974,-1.6183610272961584,5.584906104823495
SPY,2024-11-01 04:00:00,571.32,575.55,570.62,571.04,45667533.0,464571.0,572.658516,578.6334999999992,576.5236646978111,44.84827506968072,1.8397808447460875,3.7480633366468155,-1.908282491900728,5.679555668764672
SPY,2024-11-04 05:00:00,571.18,572.5,567.89,569.81,38216975.0,394247.0,570.278487,578.7339999999992,575.8842680599244,43.47550238061048,1.119775296417174,3.2224057286008874,-2.1026304321837133,5.603158835281482
SPY,2024-11-05 05:00:00,570.74,576.74,570.52,576.7,39478322.0,378253.0,575.077202,578.9104999999993,575.961956816122,52.285949793780325,1.0925370429239365,2.7964319914654974,-1.7038949485415609,5.697933204189952
SPY,2024-11-06 05:00:00,589.2,591.93,585.39,591.04,68181968.0,666095.0,589.331949,579.6054999999993,577.3979609288723,64.63955223345485,2.20267759026774,2.677681111225946,-0.47500352095820597,6.378795118176377
SPY,2024-11-07 05:00:00,593.08,596.65,592.9999,595.61,47233212.0,427536.0,594.921264,580.5794999999994,579.1324408404083,67.52521364809094,3.4119024910041844,2.824525387181594,0.5873771038225906,6.32388118116378
SPY,2024-11-08 05:00:00,596.17,599.64,596.165,598.19,46444893.0,406428.0,597.967927,581.5099999999994,580.9474464746552,69.0602969478257,4.526230803649582,3.1648664704751917,1.3613643331743908,6.160032525366366
SPY,2024-11-11 05:00:00,599.81,600.17,597.0,598.76,37586773.0,371847.0,598.734118,582.2319999999994,582.6438801437356,69.40439680885196,5.393169159099216,3.6105270081999965,1.7826421508992194,5.94645877355448
SPY,2024-11-12 05:00:00,598.68,599.29,594.37,596.9,43006128.0,378133.0,597.272863,583.0879999999994,584.0016058443322,66.7938724448982,5.862557680786608,4.060933142717319,1.801624538069289,5.873140289729157
SPY,2024-11-13 05:00:00,597.37,599.23,594.96,597.19,47388640.0,399844.0,597.564075,583.8324999999994,585.2576433829672,67.00227092928856,6.186636349564083,4.486073784086672,1.7005625654774104,5.7586302690342155
SPY,2024-11-14 05:00:00,597.32,597.81,592.65,593.35,38904109.0,373549.0,594.785489,584.3824999999995,586.0283440131608,61.49851852608196,6.0637163738249455,4.801602302034327,1.2621140717906183,5.715870964103198
SPY,2024-11-15 05:00:00,589.72,590.2,583.86,585.75,75988766.0,538470.0,586.32094,584.4404999999995,586.0018350595265,52.335603603935034,5.29204156236176,4.8996901540998135,0.3923514082619466,5.985451609524398
SPY,2024-11-18 05:00:00,586.22,589.49,585.34,588.15,37084081.0,360702.0,587.741047,584.6664999999995,586.2064221967144,54.63428657256152,4.818597860362274,4.883471695352306,-0.0648738349900313,5.854347923129796
SPY,2024-11-19 05:00:00,584.71,591.045,584.03,590.3,49422046.0,385055.0,588.541163,585.0154999999994,586.5962867494083,56.651140999620466,4.564263360387031,4.819630028359251,-0.2553666679722202,5.937251642906238
SPY,2024-11-20 05:00:00,590.38,590.79,584.63,590.5,49893334.0,435550.0,588.064164,585.6409999999994,586.9680689637503,56.84334869239158,4.328938457438994,4.721491714175199,-0.3925532567362051,5.953162239841505
SPY,2024-11-21 05:00:00,593.4,595.12,587.45,593.67,46750285.0,450141.0,592.430566,586.3624999999995,587.6063481100598,59.87982478269009,4.3481119556143994,4.6468157624630395,-0.29870380684864006,6.075793508424252
SPY,2024-11-22 05:00:00,593.66,596.15,593.1525,595.51,38226390.0,346477.0,595.081211,587.1859999999995,588.3590768614827,61.57001500912062,4.460363420502631,4.6095252940709575,-0.14916187356832644,5.855915400679659
SPY,2024-11-25 05:00:00,599.52,600.86,595.2,597.53,42441393.0,427181.0,597.938466,588.0209999999995,589.23249811277,63.39328807482887,4.658618973671423,4.61934402999105,0.039274943680372765,5.8419214434882525
SPY,2024-11-26 05:00:00,598.8,601.33,598.07,600.65,45621288.0,383149.0,599.999369,588.9649999999995,590.3198792448871,66.0708663745748,5.009746612494041,4.697424546491648,0.3123220660023929,5.696069911810525
SPY,2024-11-27 05:00:00,600.46,600.85,597.28,598.83,34000163.0,332766.0,598.946549,589.9059999999994,591.1303669358502,63.16830022464386,5.082570299748227,4.774453697142964,0.30811660260526263,5.544207775252635
SPY,2024-11-29 05:00:00,599.66,603.35,599.3805,602.55,30177351.0,233589.0,602.17208,591.6014999999994,592.2179510371978,66.415897078042,5.378457002870505,4.895254358288472,0.48320264458203255,5.471050077020302
SPY,2024-12-02 05:00:00,602.97,604.32,602.47,603.63,31745989.0,327962.0,603.497049,593.2309999999993,593.304812843179,67.31690583961404,5.635137958275436,5.043231078285865,0.5919068799895708,5.212403642947424
SPY,2024-12-03 05:00:00,603.39,604.16,602.341,603.91,26906629.0,279092.0,603.476262,594.9359999999994,594.3148306676381,67.55990031583353,5.794359356860241,5.1934567340007405,0.6009026228595005,4.9700176684511765
SPY,2024-12-04 05:00:00,605.63,607.91,604.95,607.66,42787561.0,324666.0,606.696218,596.4839999999992,595.5857991754822,70.70166789273222,6.152218180744512,5.3852090233494945,0.7670091573950177,4.900730692133235
SPY,2024-12-05 05:00:00,607.66,608.48,606.305,606.66,28762183.0,303780.0,607.290697,597.2649999999992,596.6404849682934,68.78846552053321,6.282709074890477,5.5647090336576905,0.718000041232786,4.706035642695151
SPY,2024-12-06 05:00:00,607.44,609.07,607.02,607.81,31241549.0,282829.0,607.88419,597.8749999999992,597.7042483046464,69.8005410796014,6.405085597940456,5.732784346514244,0.6723012514262123,4.54203309678836
SPY,2024-12-09 05:00:00,607.69,607.86,604.08,604.68,34742738.0,370877.0,605.40418,598.1994999999991,598.3686056089658,63.74217037658412,6.178285602062942,5.821884597623983,0.3564010044389594,4.487602161303475
SPY,2024-12-10 05:00:00,605.37,605.8,602.13,602.8,37234515.0,337427.0,603.824939,598.4014999999991,598.7906431700167,60.353733567545234,5.780213974500043,5.813550472999195,-0.033336498499151546,4.429202006924653
SPY,2024-12-11 05:00:00,605.78,608.435,605.5,607.46,28677723.0,305494.0,607.325692,598.929499999999,599.6162962014437,65.28046804369737,5.774201001628853,5.805680578725126,-0.031479577096273026,4.515330435001463
SPY,2024-12-12 05:00:00,606.58,607.16,604.33,604.33,31543812.0,315220.0,605.593038,599.286499999999,600.0652203727348,59.89651208131582,5.454000512893458,5.735344565558792,-0.28134405266533413,4.416378261072786
SPY,2024-12-13 05:00:00,606.4,607.13,602.81,604.21,35904730.0,348259.0,604.473006,599.8294999999991,600.4599612896171,59.693245947647576,5.131404682540733,5.61455658895518,-0.48315190641444694,4.409494099567591
SPY,2024-12-16 05:00:00,606.0,607.7795,605.21,606.79,43695179.0,367580.0,606.795324,600.8814999999992,601.0628221191774,62.62963738291002,5.025993081181355,5.496843887400415,-0.47085080621905995,4.3494945210270455
SPY,2024-12-17 05:00:00,604.19,605.17,602.885,604.29,55773545.0,425292.0,604.039003,601.6884999999991,601.3701723935415,58.20477541816502,4.6866991703592475,5.334814943992181,-0.6481157736329335,4.317744912382254
SPY,2024-12-18 05:00:00,603.98,606.405,585.89,586.28,108248729.0,772894.0,595.564693,601.4874999999992,599.9330131179661,37.59699089153108,2.930765773899111,4.854005109973567,-1.923239336074456,5.474691704354949
SPY,2024-12-19 05:00:00,591.36,593.0,585.85,586.1,85919452.0,702101.0,588.83633,601.2674999999992,598.6155832972074,37.45426019480659,1.5072764658588085,4.184659381150615,-2.6773829152918065,5.594356582615307
SPY,2024-12-20 05:00:00,581.77,595.75,580.91,591.15,125716674.0,772177.0,590.199391,601.1414999999992,597.9045753641401,43.89012823898976,0.777679128039722,3.503263330528436,-2.7255842024887142,6.254759683857073
SPY,2024-12-23 05:00:00,590.89,595.3,587.661,594.69,57635828.0,450949.0,592.721039,601.1004999999992,597.59842532946,47.934542675992255,0.4795880043576517,2.898528265294279,-2.4189402609366275,6.353633992152997
SPY,2024-12-24 05:00:00,596.06,601.34,595.47,601.3,33160097.0,235911.0,599.291931,601.2889999999991,597.9509562504638,54.52574773730275,0.7678688846141313,2.4723963891582494,-1.7045275045441182,6.374802992713496
SPY,2024-12-26 05:00:00,599.5,602.48,598.0825,601.34,41338891.0,306002.0,600.982138,601.3234999999992,598.2737223218483,54.56323344970894,0.9881702137652155,2.175551154079643,-1.1873809403144273,6.233567064662535
SPY,2024-12-27 05:00:00,597.54,597.7761,590.7647,595.01,64969310.0,497465.0,594.049471,601.1324999999991,597.9628916245293,47.84214993193093,0.6445525062480328,1.869351424513321,-1.224798918265288,6.543690845758074
SPY,2024-12-30 05:00:00,587.89,591.74,584.41,588.22,56578757.0,501195.0,588.344096,600.4159999999991,597.034997184098,41.882478523262286,-0.17366139572402517,1.4607488604658516,-1.6344102561898768,6.833427213918213
SPY,2024-12-31 05:00:00,589.905,590.6399,584.42,586.08,57052654.0,479945.0,586.638607,599.5384999999992,595.9916641189458,40.18349931614575,-0.983445377089879,0.9719100129547055,-1.9553553900445846,6.789603841495487
SPY,2025-01-02 05:00:00,589.39,591.13,580.5,584.64,50203975.0,603951.0,585.069059,598.5749999999991,594.9105532504748,39.03599495528158,-1.7215559564838259,0.43321681906699916,-2.154772775550825,7.063917852817238
SPY,2025-01-03 05:00:00,587.53,592.6,586.43,591.95,37888459.0,427267.0,590.3249,597.7894999999992,594.6285957980487,47.268242236903234,-1.6970949465332978,0.007154465946939803,-1.7042494124802376,7.127923720473153
SPY,2025-01-06 05:00:00,596.27,599.7,593.6,595.36,47679442.0,468834.0,596.616783,597.2244999999992,594.6982533410917,50.61815801148604,-1.3865674322240693,-0.27158991368726204,-1.1149775185368074,7.172357740439357
SPY,2025-01-07 05:00:00,597.42,597.75,586.78,588.63,60393052.0,489809.0,591.010705,596.2654999999993,594.120324451464,44.59660142616937,-1.6643414032670307,-0.5501402116032158,-1.114201191663815,7.443617901836547
SPY,2025-01-08 05:00:00,588.7,590.5799,585.195,589.49,47304672.0,432460.0,588.281771,595.5059999999992,593.6793411703721,45.48899148185547,-1.7943997406566723,-0.7989921174139072,-0.9954076232427651,7.29656662313393
SPY,2025-01-10 05:00:00,585.88,585.95,578.55,580.49,73105046.0,720924.0,581.355095,594.3904999999993,592.4232134398605,38.5000915842995,-2.593797016495728,-1.1579530972302714,-1.4358439192654564,7.556811864338653
SPY,2025-01-13 05:00:00,575.77,581.75,575.35,581.39,47910060.0,505933.0,578.886779,593.0869999999992,591.3724312074929,39.50109307247999,-3.118751611338439,-1.5501128000519049,-1.5686388112865342,7.474182445457319
SPY,2025-01-14 05:00:00,584.36,585.0,578.35,582.19,48420580.0,473554.0,581.845057,591.9799999999992,590.4979139496364,40.42925857006182,-3.4306818311001734,-1.9262266062615585,-1.504455224838615,7.4153122707817944
SPY,2025-01-15 05:00:00,590.325,593.94,589.195,592.78,56900159.0,488787.0,592.171696,591.4084999999993,590.7152554782425,51.11983680592809,-2.7911891903880814,-2.099219123086863,-0.6919700673012184,7.7249328228688094
SPY,2025-01-16 05:00:00,594.175,594.35,590.93,591.64,44319662.0,409217.0,592.628159,590.6509999999993,590.8033263850765,50.077978743773485,-2.3492939397973487,-2.1492340864289603,-0.20005985336838839,7.417437621235329
SPY,2025-01-17 05:00:00,596.96,599.36,595.61,597.58,58070628.0,420955.0,597.811044,590.3154999999992,591.4487238722121,55.201291505048324,-1.5024609777698288,-2.019879464697134,0.5174184869273053,7.439049219718521
SPY,2025-01-21 05:00:00,600.67,603.06,598.67,603.05,42532853.0,429380.0,601.650228,591.1539999999992,592.5536073129538,59.33953995331941,-0.38551252059426133,-1.6930060758765595,1.3074935552822982,7.299117132595763
SPY,2025-01-22 05:00:00,605.92,607.82,605.36,606.44,48195973.0,367155.0,606.756402,592.1709999999991,593.8761209021962,61.70076930296187,0.764410202498766,-1.2015228202014943,1.9659330227002603,7.118465908838929
SPY,2025-01-23 05:00:00,605.8,609.75,605.52,609.75,41152102.0,330491.0,607.610365,593.1009999999992,595.3879189115108,63.90485106889121,1.9206811655774345,-0.5770820230457085,2.497763188623143,6.912146915350435
SPY,2025-01-24 05:00:00,609.81,610.78,606.8,607.97,34604693.0,360925.0,608.544314,593.7649999999992,596.5862123485098,61.843700073673894,2.662709057840516,0.07087619313153637,2.5918328647089797,6.702707849968263
SPY,2025-01-27 05:00:00,594.81,599.69,594.64,599.37,70361125.0,685466.0,597.680869,593.6684999999992,596.851334981985,52.95661511996925,2.5276857932849452,0.5622381131622182,1.9654476801227272,7.176085860684819
SPY,2025-01-28 05:00:00,600.62,605.37,597.25,604.52,44433322.0,419856.0,602.91773,593.8274999999992,597.5816840313198,56.94654561509663,2.8039190100200813,1.0105742925337908,1.7933447174862904,7.243508299207333
SPY,2025-01-29 05:00:00,603.72,604.13,599.22,601.81,37177429.0,426224.0,601.975438,594.1674999999992,597.9843807902417,54.335025426939076,2.772205216749626,1.3629004773769577,1.409304739372668,7.104686277835377
SPY,2025-01-30 05:00:00,603.96,606.6,600.715,605.04,39281255.0,419933.0,604.043298,595.0084999999992,598.6563445245044,56.87358453417731,2.9734299631418253,1.6850063745299313,1.288423588611894,7.017565829418564
SPY,2025-01-31 05:00:00,607.5,609.96,601.05,601.82,66671471.0,591698.0,604.912328,595.7954999999992,598.9576450459803,53.67043504038308,2.8403333403648503,1.916071767696915,0.9242615726679353,7.152739698745816
SPY,2025-02-03 05:00:00,592.67,600.29,590.49,597.77,65713364.0,730460.0,596.422957,596.4519999999992,598.8445359939822,49.866286473679516,2.3806099653644424,2.0089794072304206,0.3716305581340218,7.45111543454969
SPY,2025-02-04 05:00:00,597.83,602.3,597.28,601.78,33024773.0,377667.0,600.835606,596.9434999999992,599.1241039945553,53.38905641109404,2.3131844155451518,2.0698204088933667,0.24336400665178504,7.277464332081854
SPY,2025-02-05 05:00:00,600.64,604.37,598.58,604.22,30653149.0,358145.0,602.220255,597.3864999999992,599.6094274236452,55.44079477708932,2.4286409287575452,2.1415845128662023,0.2870564158913429,7.171216879790291
SPY,2025-02-06 05:00:00,605.99,606.4525,602.63,606.32,35771503.0,351828.0,605.227961,598.2709999999992,600.2485295737742,57.18749693335895,2.6589428587243447,2.245056182037831,0.4138866766865137,6.932022816948127
SPY,2025-02-07 05:00:00,606.89,608.13,600.05,600.77,50188662.0,554348.0,602.782187,598.8349999999992,600.298193423891,51.44759027442238,2.366342457886617,2.2693134372075883,0.09702902067902874,7.01402118716612
SPY,2025-02-10 05:00:00,604.03,605.4999,602.74,604.85,26023524.0,393593.0,604.488606,600.0529999999992,600.7316988120918,55.0216295622997,2.4356003494482366,2.3025708196557177,0.1330295297925188,6.850869673797114
SPY,2025-02-11 05:00:00,602.55,605.86,602.43,605.31,30056740.0,408321.0,604.533431,601.2489999999992,601.1677274966545,55.42007623652899,2.4988012576579877,2.3418169072561716,0.15698435040181602,6.606521839954468
SPY,2025-02-12 05:00:00,599.2,604.55,598.51,603.36,45076076.0,435863.0,602.334147,602.3074999999992,601.376515354116,53.26591911232652,2.3642857155697357,2.3463106689188846,0.017975046650851034,6.620341708529145
SPY,2025-02-13 05:00:00,604.48,609.94,603.2,609.73,40921297.0,426318.0,607.637911,603.1549999999992,602.1720853203907,58.88767292168593,2.7401007670325725,2.4250686885416224,0.31503207849095016,6.6288887293484935
SPY,2025-02-14 05:00:00,609.94,610.99,609.07,609.7,26910448.0,330615.0,610.09029,604.0579999999993,602.8890295755916,58.85176716109791,3.0009233769590082,2.5402396262250995,0.46068375073390877,6.292539534395027
SPY,2025-02-18 05:00:00,610.88,611.49,608.38,611.49,26749030.0,364168.0,610.093495,604.7534999999992,603.7081696160114,60.40314262041947,3.313865041408917,2.694964709261863,0.6189003321470539,6.065215281938239
SPY,2025-02-19 05:00:00,610.08,613.23,609.56,612.93,30898690.0,332869.0,611.742949,605.2474999999993,604.5864391763913,61.6555968262027,3.6361542082410097,2.8832026090576925,0.7529515991833171,5.894128476085513
SPY,2025-02-20 05:00:00,611.54,611.684,607.02,610.38,36554002.0,388456.0,609.150979,605.4444999999993,605.1382068738778,58.148086672321774,3.6438035075170774,3.0353227887495695,0.6084807187675079,5.895262156365116
SPY,2025-02-21 05:00:00,610.16,610.3,599.47,599.94,76519818.0,628050.0,603.120085,604.9539999999993,604.6431395525561,46.487774271418424,2.775451209143398,2.983348472828335,-0.207897263684937,6.253457716624749
SPY,2025-02-24 05:00:00,602.02,603.03,596.49,597.21,50737213.0,600743.0,599.090526,604.4159999999993,603.9352214999318,44.00290829226181,1.8457113604557662,2.755821050353821,-0.910109689898055,6.273925022580122
SPY,2025-02-25 05:00:00,597.15,597.89,589.56,594.24,58266472.0,712191.0,593.758989,604.1594999999992,603.0118670713669,41.409658504130256,0.859325879456037,2.376522016174264,-1.5171961367182272,6.420787520967259
SPY,2025-02-26 05:00:00,595.93,599.58,591.8556,594.54,43321578.0,638726.0,595.672363,603.6604999999993,602.2050225883795,41.78287703392249,0.10065547833710298,1.921348708606832,-1.820693230269729,6.51390269804103
SPY,2025-02-27 05:00:00,596.85,598.02,584.65,585.05,74196664.0,758876.0,590.542146,602.8224999999992,600.5712109132958,34.33258475968231,-1.2519285165947167,1.286693263566522,-2.5386217801612387,7.003623933895242
SPY,2025-02-28 05:00:00,585.56,594.72,582.44,594.18,88744106.0,780013.0,588.014097,602.2794999999993,599.9625241596485,44.57236361326304,-1.5690592417795415,0.7155427624973093,-2.284602004276851,7.380507938617009
SPY,2025-03-03 05:00:00,596.18,597.34,579.9,583.77,74249199.0,839118.0,587.81397,601.3769999999993,598.4203790015868,37.40949290924529,-2.630069818584957,0.04642024628085595,-2.676490064865813,8.099043085858655
SPY,2025-03-04 05:00:00,579.71,585.39,572.25,576.86,109648212.0,1056746.0,577.6331,600.3314999999993,596.3670095728642,33.55481339100088,-3.9825986771238604,-0.7593835384000873,-3.223215138723773,8.459111436868751
SPY,2025-03-05 05:00:00,576.69,584.88,573.0795,583.06,71230528.0,809705.0,579.701888,599.3954999999993,595.0996753278295,39.571363970490445,-4.502299649744145,-1.5079667606688991,-2.9943328890752463,8.69778204852098
SPY,2025-03-06 05:00:00,575.48,580.1736,570.12,572.71,80094868.0,869697.0,573.975112,597.8199999999994,592.9673252966076,34.0315067885576,-5.68380554396515,-2.3431345173281493,-3.3406710266370006,9.000797616483762
SPY,2025-03-07 05:00:00,570.9,577.39,565.63,575.92,81158816.0,874097.0,572.364681,596.2999999999994,591.3437705064545,36.97834776061471,-6.288645711301115,-3.1322367561227424,-3.1564089551783723,9.197883501020637
SPY,2025-03-10 04:00:00,567.59,569.54,555.59,560.58,99326624.0,1007965.0,562.241565,594.2904999999994,588.4138876010778,30.066320681439844,-7.914561560794596,-4.088701717057113,-3.825859843737483,9.993034679519159
SPY,2025-03-11 04:00:00,559.4,564.02,552.02,555.92,88102109.0,935563.0,557.643391,591.8439999999994,585.3192316390704,28.333688848563142,-9.469970712838744,-5.164955516213439,-4.305015196625305,10.13638934526779
SPY,2025-03-12 04:00:00,562.17,563.11,553.69,558.87,69601767.0,687059.0,559.298809,589.5219999999994,582.8002571972542,31.042797487383144,-10.34534858737095,-6.201034130444941,-4.144314456926009,10.08521867774866
SPY,2025-03-13 04:00:00,558.49,559.105,549.68,551.42,74079414.0,747045.0,553.130515,586.9249999999994,579.8116612737061,28.148848060434023,-11.507592237362019,-7.262345751828357,-4.245246485533662,10.038060200766619
SPY,2025-03-14 04:00:00,556.11,563.83,551.4917,562.81,62660321.0,616222.0,560.667919,584.5789999999994,578.1924554381151,37.709815469421265,-11.378437350746935,-8.085564071612072,-3.292873279134863,10.207484472140438
SPY,2025-03-17 04:00:00,562.79,569.71,562.35,567.15,49008709.0,538126.0,566.424219,582.4514999999993,577.1407930154375,40.93496078868198,-10.801367996837712,-8.6287248566572,-2.1726431401805115,10.004092724130407
SPY,2025-03-18 04:00:00,564.8,565.02,559.06,561.02,66041422.0,572401.0,561.020757,579.9279999999993,575.6054793949196,37.94644091956175,-10.715158468882123,-9.046011579102185,-1.6691468897799382,9.867371815263951
SPY,2025-03-19 04:00:00,562.83,570.95,561.63,567.13,66554250.0,584796.0,566.278613,577.6379999999992,574.7982908811177,42.45593408184136,-10.038097915995195,-9.244428846480787,-0.793669069514408,9.871845257030815
SPY,2025-03-20 04:00:00,563.33,570.57,562.6012,565.49,62958195.0,540297.0,566.435479,575.3934999999993,573.9117869876779,41.58244322849167,-9.52406930144275,-9.300356937473179,-0.22371236396957173,9.735913452957192
SPY,2025-03-21 04:00:00,559.28,564.89,558.03,563.98,83762964.0,559082.0,561.935782,573.5954999999992,572.965902512661,40.751106159746534,-9.133259768087555,-9.266937503596054,0.13367773550849904,9.573348206317394
SPY,2025-03-24 04:00:00,570.8,575.15,570.2,574.08,58766795.0,506258.0,573.338171,572.4389999999993,573.0720070352647,48.20951566814668,-7.9172892246543825,-8.99700784780772,1.0797186231533367,9.687394763009006
SPY,2025-03-25 04:00:00,575.3,576.41,573.69,575.46,38355735.0,389951.0,574.940837,571.4999999999993,573.2994349366681,49.15137828508236,-6.764294762139571,-8.550465230674089,1.786170468534518,9.189723708508357
SPY,2025-03-26 04:00:00,575.19,576.33,567.19,568.59,52228898.0,501105.0,570.477594,570.2024999999992,572.8509173236521,44.78489793394173,-6.331899730116447,-8.10675213056256,1.7748524004461128,9.186172015043471
SPY,2025-03-27 04:00:00,567.18,570.9,564.94,567.08,42164248.0,456704.0,568.178087,569.3039999999993,572.301306149971,43.86255041570458,-6.041426132603988,-7.693686930970846,1.652260798366858,8.955731156826074
SPY,2025-03-28 04:00:00,565.53,566.2675,555.07,555.66,71662653.0,650391.0,557.984313,567.3779999999992,570.7164198499737,37.56191238733138,-6.65599609315575,-7.486148763407827,0.830152670252077,9.173893217052782
SPY,2025-03-31 04:00:00,549.83,560.7112,546.87,559.39,95328113.0,754583.0,555.357314,566.1589999999992,569.6377131975953,40.56494948435827,-6.764095109620371,-7.341738032650335,0.5776429230299645,9.507272272977579
SPY,2025-04-01 04:00:00,557.45,562.94,553.68,560.97,54609641.0,603801.0,558.976061,565.3644999999991,568.8122167025863,41.840980179183944,-6.645664480245159,-7.2025233221693,0.5568588419241411,9.489609967764903
SPY,2025-04-02 04:00:00,555.05,567.42,554.81,564.52,76014544.0,686536.0,562.888146,564.4374999999992,568.4034341594828,44.713063033542774,-6.193951998766124,-7.000809057488665,0.8068570587225405,9.71249497006741
SPY,2025-04-03 04:00:00,545.11,547.97,536.7,536.7,125985998.0,1198725.0,541.675349,562.6369999999991,565.3840594776273,31.55992657201721,-7.988719120128508,-7.198391070016633,-0.7903280501118743,11.005888186491163
SPY,2025-04-04 04:00:00,523.67,525.87,505.06,505.28,217962675.0,1957407.0,513.476423,559.1049999999992,559.6598633369008,23.24359294524958,-11.810274909000782,-8.120767837813464,-3.689507071187318,12.479753316027512
SPY,2025-04-07 04:00:00,489.19,523.17,481.8,504.38,256611355.0,2517692.0,501.2808,556.2949999999992,554.3951144476722,23.056177988186626,-14.741576169125779,-9.444929504075926,-5.2966466650498525,14.543342364882687
SPY,2025-04-08 04:00:00,521.86,524.98,489.16,496.48,165794399.0,1708494.0,507.249518,553.3229999999992,548.8793892621796,21.423289915485284,-17.500383980686593,-11.05602039939806,-6.444363581288533,16.063103624533923
SPY,2025-04-09 04:00:00,493.44,548.62,493.05,548.62,241835081.0,2298809.0,523.427405,552.8104999999991,548.8546855229245,47.733371954123115,-15.303092277713631,-11.905434775061174,-3.397657502652457,18.88502479421007
SPY,2025-04-10 04:00:00,532.17,533.495,509.32,524.58,162331225.0,1754794.0,522.984816,551.4684999999992,546.5428107112174,40.928737105474404,-15.324894022931744,-12.589326624635287,-2.735567398296457,20.34323730890935
SPY,2025-04-11 04:00:00,523.01,536.43,520.07,533.94,97866334.0,1019118.0,529.421297,550.0249999999992,545.3425430244348,44.26048378894317,-14.42066582875293,-12.955594465458816,-1.4650713632941148,20.05872035827296
SPY,2025-04-14 04:00:00,544.05,544.28,533.86,539.12,68033993.0,752545.0,539.680399,548.6234999999992,544.7499198792506,46.07323692619863,-13.13466749053589,-12.99140907047423,-0.14325842006165956,19.370240332682034
SPY,2025-04-15 04:00:00,539.675,543.23,536.81,537.61,56892874.0,547009.0,539.499642,547.4529999999993,544.0699275097982,45.6076030282281,-12.09789195500366,-12.812705647380117,0.7148136923764561,18.44522316606189
SPY,2025-04-16 04:00:00,531.68,537.8854,520.29,525.66,83484814.0,770794.0,527.333639,545.3794999999993,542.3166010802936,41.990793891837264,-12.10101206870354,-12.670366931644802,0.5693548629412621,18.384521511343188
SPY,2025-04-17 04:00:00,527.64,531.165,523.91,526.41,79866673.0,633834.0,527.758866,543.4254999999993,540.8016866916942,42.30006667032354,-11.905724270961741,-12.51743839950819,0.6117141285464491,17.58955568910439
SPY,2025-04-21 04:00:00,521.16,521.7,508.46,513.88,69368129.0,715706.0,512.893584,540.9204999999993,538.2377165305804,38.597690169988915,-12.616587400697199,-12.537268199745991,-0.07931920095120759,17.61530171131122
SPY,2025-04-22 04:00:00,520.14,529.305,519.1925,527.25,75948017.0,712400.0,525.101409,538.5789999999993,537.1912673371918,44.209052186167526,-11.963199967860874,-12.422454553368969,0.45925458550809495,17.4588515890747
SPY,2025-04-23 04:00:00,540.43,545.43,533.88,535.42,90590658.0,885537.0,539.263374,536.5769999999992,537.0225752098402,47.37394995616431,-10.663216082101826,-12.07060685911554,1.4073907770137133,17.510362189855076
SPY,2025-04-24 04:00:00,536.715,547.43,535.4504,546.69,64150418.0,580937.0,543.868005,535.4819999999993,537.9432823327126,51.464155041284364,-8.624160717679842,-11.3813176308284,2.757156913148558,17.117479176294
SPY,2025-04-25 04:00:00,546.65,551.05,543.69,550.64,61119590.0,562252.0,548.286989,534.6599999999992,539.1524935391209,52.847426987175226,-6.613229469569433,-10.427699998576607,3.814470529007174,16.42051637798728
SPY,2025-04-28 04:00:00,551.39,553.55,545.02,550.85,47613755.0,472025.0,549.56739,534.4194999999993,540.2665417734903,52.92424254232545,-4.945596959288309,-9.331279390718947,4.385682431430638,15.8569080652739
SPY,2025-04-29 04:00:00,548.91,555.45,548.55,554.32,47775121.0,474829.0,553.036602,534.1659999999993,541.6049663664912,54.25049155303018,-3.3058780756288115,-8.12619912770092,4.820321052072108,15.217128917754343
SPY,2025-04-30 04:00:00,547.57,556.52,541.52,554.54,93101463.0,707090.0,549.757618,533.8444999999992,542.8368743315873,54.33832450699458,-1.9659743568001886,-6.894154173520773,4.928179816720585,15.201619709343317
SPY,2025-05-01 04:00:00,560.37,564.0699,557.86,558.47,63186146.0,585865.0,561.004467,533.5419999999992,544.3257434428647,55.96472075772005,-0.580283701230087,-5.631380079062636,5.051096377832549,14.796496872961653
SPY,2025-05-02 04:00:00,564.73,568.38,562.38,566.76,60717270.0,571476.0,566.424958,535.0449999999992,546.462339305449,59.26105303988072,1.1732948317803675,-4.270445096894035,5.443739928674402,14.447461382035817
SPY,2025-05-05 04:00:00,562.57,566.65,561.7,563.51,38659222.0,414698.0,564.409762,537.9564999999991,548.0859260382633,57.44553721822291,2.2745510062839003,-2.9614458762584475,5.235996882542348,13.776928426176111
SPY,2025-05-06 04:00:00,557.93,563.3476,556.96,558.8,48264708.0,473580.0,559.981148,540.6774999999991,549.1063140346192,54.82418667895842,2.735711245495736,-1.8220144519076107,4.557725697403347,13.260719252877815
SPY,2025-05-07 04:00:00,560.15,563.82,556.04,561.15,55733229.0,531073.0,560.011623,543.9109999999991,550.2533317456079,55.90533794811534,3.2533073161546326,-0.8069500982951618,4.0602574144497945,12.86923930624369
SPY,2025-05-08 04:00:00,565.24,570.31,561.7,565.06,65130787.0,601131.0,566.584308,544.732999999999,551.6634906269785,57.71845126457925,3.9336654077973208,0.14117300292333468,3.792492404873986,12.604293641511996
SPY,2025-05-09 04:00:00,566.48,567.5,562.7637,564.34,37603427.0,422432.0,564.739305,546.7209999999991,552.8707772339329,57.2516123255474,4.364445503439924,0.9858275030266527,3.3786180004132715,12.042294095689712
SPY,2025-05-12 04:00:00,581.47,583.0,577.04,582.99,78993570.0,733762.0,580.547302,549.1734999999991,555.7392746402251,65.12109626642511,6.139963293434107,2.0166546611081437,4.123308632325964,12.514987374569017
SPY,2025-05-13 04:00:00,583.41,589.08,582.84,586.84,67947225.0,682785.0,587.193555,551.559499999999,558.7012484840131,66.49240835666927,7.768189900484458,3.166961708983407,4.601228191501051,12.066773990671232
SPY,2025-05-14 04:00:00,587.81,588.98,585.535,587.59,66283531.0,676301.0,587.373305,554.058499999999,561.4525581522024,66.76652440263867,9.015168696316096,4.336603106449944,4.678565589866151,11.450932991337577
SPY,2025-05-15 04:00:00,585.56,590.97,585.0969,590.46,71268145.0,737359.0,588.585752,557.298499999999,564.2151716615165,67.85038236734505,10.118355289103647,5.492953542980684,4.625401746122963,11.05251634909918
SPY,2025-05-16 04:00:00,591.25,594.5,589.28,594.2,76052101.0,645314.0,592.388584,560.687999999999,567.070869598515,69.25743734323568,11.16571395537187,6.627505625458921,4.538208329912949,10.63590803844924
SPY,2025-05-19 04:00:00,588.1,595.54,588.1,594.85,68168509.0,662361.0,593.168182,564.7364999999991,569.7165010653231,69.5072179645211,11.910901355378428,7.684184771442823,4.226716583935605,10.40762889284572
SPY,2025-05-20 04:00:00,593.09,594.05,589.6,592.85,60614492.0,632002.0,592.357838,568.016499999999,571.9196914400542,67.6849505347081,12.199456710307913,8.58723915921584,3.6122175510920727,10.039226829071026
SPY,2025-05-21 04:00:00,588.44,592.58,581.82,582.86,95197657.0,1066364.0,587.037546,570.3884999999991,572.9616255886204,59.319322255751,11.489584618468484,9.167708251066369,2.3218763674021154,10.109996341280237
SPY,2025-05-22 04:00:00,582.66,586.62,581.405,583.09,70860417.0,844277.0,584.053292,572.208499999999,573.9262326754185,59.44360556728883,10.820829166247108,9.498332434102517,1.3224967321445913,9.760353745474507
SPY,2025-05-23 04:00:00,575.98,581.8101,575.6,579.11,76029046.0,877472.0,578.838939,573.6319999999992,574.4199248015691,56.24159901724147,9.856068294378588,9.56987960615773,0.2861886882208573,9.598185620797759
SPY,2025-05-27 04:00:00,586.07,591.31,578.43,591.15,72588475.0,830952.0,589.125551,575.6469999999991,576.0132652966578,62.77423938999876,9.948337488277843,9.645571182581753,0.30276630569609075,9.832600933597918
SPY,2025-05-28 04:00:00,591.56,592.7688,586.985,587.73,68445512.0,731933.0,589.715167,577.3174999999991,577.1291447922142,60.03266984112467,9.634436287050562,9.643344203475515,-0.008907916424952589,9.543400866912355
SPY,2025-05-29 04:00:00,593.06,593.2,586.07,590.05,70073758.0,826143.0,589.567723,579.0929999999992,578.359702431051,61.2684169928086,9.463779376834736,9.60743123814736,-0.1436518613126232,9.37101509070433
SPY,2025-05-30 04:00:00,588.93,591.1299,583.235,589.39,90601242.0,884337.0,588.05609,580.6389999999991,579.4102069614271,60.69349717876783,9.16957491012056,9.519859972542,-0.35028506242144,9.265578298511164
SPY,2025-06-02 04:00:00,587.76,592.79,585.06,592.71,61630502.0,728812.0,589.874707,581.9364999999991,580.6768539174817,62.59492555923028,9.099419559730563,9.435771889979712,-0.3363523302491487,9.155894134331797
SPY,2025-06-03 04:00:00,592.34,597.08,591.85,596.09,63606204.0,690792.0,595.238267,583.565499999999,582.1447725920073,64.47885990126315,9.210387082248644,9.390694928433499,-0.18030784618485463,8.87547312473667
SPY,2025-06-04 04:00:00,596.96,597.95,595.49,595.93,57314199.0,629200.0,596.938002,585.4219999999991,583.4576513927684,64.31372955167963,9.179602239979317,9.348476390742663,-0.16887415076334555,8.41722504439834
SPY,2025-06-05 04:00:00,597.63,599.0,591.05,593.05,92436397.0,944088.0,595.168768,587.0169999999991,584.371208402981,61.27194529514143,8.821128620081936,9.243006836610517,-0.42187821652858126,8.383851826941319
SPY,2025-06-06 04:00:00,598.66,600.83,596.86,599.14,66588743.0,768591.0,599.222242,588.7209999999991,585.7777599836495,65.03756042124293,8.925559503409204,9.179517369970254,-0.25395786656105024,8.340719553588373
SPY,2025-06-09 04:00:00,599.72,601.25,598.49,599.68,53016418.0,637329.0,600.053937,590.4879999999991,587.1017828423495,65.35919253433418,8.948739716803402,9.133361839336883,-0.1846221225334812,7.942096728332061
SPY,2025-06-10 04:00:00,600.22,603.47,599.09,603.08,66246973.0,674474.0,601.631918,591.4924999999992,588.6235178097448,67.39312573072648,9.136145984086056,9.133918668286718,0.0022273157993382142,7.687661247736913
SPY,2025-06-11 04:00:00,604.19,605.06,599.27,601.36,73658225.0,808639.0,602.345297,592.2184999999992,589.8365161135787,65.30419531463912,9.041650655215335,9.115465065672442,-0.07381441045710702,7.552114015755703
SPY,2025-06-12 04:00:00,600.01,603.75,599.52,603.75,64129003.0,689902.0,602.541248,593.0264999999991,591.1616098170474,66.84216805305408,9.055232370143244,9.103418526566603,-0.048186156423358995,7.31482015748744
SPY,2025-06-13 04:00:00,598.5,601.85,595.48,597.0,89487793.0,980337.0,598.204727,593.353499999999,591.7176469773286,58.900991788066825,8.424218245142129,8.967578470281708,-0.5433602251395797,7.383047289095479
SPY,2025-06-16 04:00:00,600.4,604.45,600.22,602.68,79984125.0,775607.0,602.741389,593.777499999999,592.7616805985355,62.89572270781577,8.286936885153864,8.831450153256139,-0.5445132681022748,7.387829625588663
SPY,2025-06-17 04:00:00,600.21,601.75,596.76,597.53,82209365.0,827346.0,599.19286,593.911499999999,593.2158062558178,57.443877536120254,7.674116026072966,8.599983327819505,-0.9258673017465391,7.282984652332327
SPY,2025-06-18 04:00:00,598.44,601.22,596.47,597.44,76605029.0,711298.0,598.886708,594.140999999999,593.6181104219304,57.35032012146514,7.099351922507367,8.299857046757078,-1.2005051242497107,7.102057177165732
SPY,2025-06-20 04:00:00,598.38,599.46,592.86,594.28,94051374.0,825556.0,595.125748,594.7119999999991,593.6811475246037,54.02337647075134,6.316054098659606,7.9030964571375835,-1.5870423584779774,7.066195950225324
SPY,2025-06-23 04:00:00,595.04,600.54,591.89,600.15,87426039.0,920372.0,597.020982,595.564999999999,594.2972287127367,58.80415589595748,6.098643506201483,7.542205866950363,-1.4435623607488797,7.179324810923513
SPY,2025-06-24 04:00:00,604.33,607.8499,603.41,606.78,67735293.0,682502.0,606.174705,596.9484999999991,595.4860640734285,63.429581249083455,6.387696249931537,7.311303943546598,-0.923607693615061,7.21650875300041
SPY,2025-06-25 04:00:00,607.91,608.61,605.54,607.12,62114767.0,645731.0,607.146716,597.7469999999992,596.5940579711971,63.654949956443104,6.568490322655293,7.162741219368337,-0.594250896713044,6.920329556357527
SPY,2025-06-26 04:00:00,608.99,612.31,608.37,611.87,78548361.0,630338.0,610.895254,598.9539999999992,598.0489095929879,66.73885015680598,7.014200888776145,7.133033153249899,-0.11883226447375428,6.796734588046271
SPY,2025-06-27 04:00:00,612.88,616.39,610.83,614.91,86258398.0,806398.0,613.935765,600.1969999999992,599.6547277269891,68.57654595385557,7.525977533015748,7.211622029203069,0.3143555038126795,6.7083964031858185
SPY,2025-06-30 04:00:00,617.38,619.22,615.04,617.85,92502541.0,858415.0,617.093294,601.6199999999992,601.3876108006092,70.28636659032219,8.075705929123615,7.384438809187178,0.6912671199364366,6.537082374386835
SPY,2025-07-01 04:00:00,616.36,618.83,615.52,617.65,70030140.0,746886.0,617.439436,602.8669999999992,602.9364097719797,70.00730034267613,8.398419562209483,7.587234959791639,0.8111846024178444,6.306576490502065
SPY,2025-07-02 04:00:00,617.24,620.49,616.61,620.45,66510374.0,679099.0,619.130181,604.0849999999992,604.6043707460768,71.70130774914173,8.778911217052155,7.8255702112437415,0.9533410058084133,6.133249598323346
SPY,2025-07-03 04:00:00,622.45,626.28,622.43,625.34,51065578.0,484817.0,625.106471,605.5554999999993,606.5791925797838,74.41873131072497,9.367058112247378,8.13386779144447,1.2331903208029082,6.111588912728815
SPY,2025-07-07 04:00:00,623.36,624.03,617.87,620.68,74814505.0,863317.0,620.762641,606.9369999999992,607.9221266198044,67.74274409619349,9.349371969027175,8.37696862696101,0.9724033420661637,6.208618276105331
SPY,2025-07-08 04:00:00,621.35,622.11,619.52,620.34,59024585.0,675760.0,620.675955,607.9969999999993,609.1047812274421,67.26858594967095,9.201847247484011,8.541944351065611,0.6599028964183997,5.950145542097809
SPY,2025-07-09 04:00:00,622.77,624.72,620.9105,624.06,66113326.0,735000.0,622.946884,609.2159999999992,610.5290877772095,69.76235962126638,9.278152981346352,8.689186077121759,0.5889669042245931,5.837992289090822
SPY,2025-07-10 04:00:00,624.2,626.8701,623.01,625.82,57527933.0,648814.0,625.358699,610.3529999999993,611.985365131761,70.89229759687133,9.372601599257337,8.825869181548875,0.546732417708462,5.696714268441477
SPY,2025-07-11 04:00:00,622.74,624.86,621.53,623.62,63670226.0,748955.0,623.809901,611.4659999999992,613.0934255954028,67.49694024251002,9.164290954039302,8.89355353604696,0.27073741799234163,5.5962346778385195
SPY,2025-07-14 04:00:00,623.16,625.1581,621.7999,624.81,51898518.0,626509.0,623.953909,612.5189999999992,614.209289824412,68.37914423886033,8.99157701885099,8.913158232607767,0.07841878624322263,5.436375057992912
SPY,2025-07-15 04:00:00,627.52,627.86,622.06,622.14,74317260.0,828422.0,624.382657,613.7759999999992,614.9645955554204,64.1706185417955,8.540800265995813,8.838686639285376,-0.2978863732895629,5.46234826813628
SPY,2025-07-16 04:00:00,623.74,624.73,618.05,624.22,88964127.0,961751.0,622.089769,614.8529999999992,615.8460626453804,65.92982743654566,8.256222465143424,8.722193804456985,-0.4659713393135618,5.549323391840836
SPY,2025-07-17 04:00:00,624.4,628.4048,624.18,628.04,68885558.0,687864.0,627.009476,616.3784999999991,617.007390012487,68.94552005810161,8.24390398908929,8.626535841383447,-0.38263185229415697,5.454714578137924
SPY,2025-07-18 04:00:00,629.3,629.47,626.46,627.58,65621496.0,594577.0,627.596472,617.8854999999991,618.014305249393,68.16309777289919,8.103609980909255,8.521950669288609,-0.4183406883793541,5.280092108270929
SPY,2025-07-21 04:00:00,628.77,631.54,628.34,628.77,63374984.0,709907.0,630.17477,619.609999999999,619.0386571304032,69.13880976889408,7.996272966170864,8.41681512866506,-0.42054216249419696,5.185799814823
SPY,2025-07-22 04:00:00,629.1,629.73,626.19,628.86,60046288.0,763949.0,628.28447,621.045499999999,619.9740231179838,69.21565218814544,7.828230883784045,8.299098279688858,-0.4708673959048131,5.068242685192783
SPY,2025-07-23 04:00:00,631.55,634.21,629.73,634.21,71015836.0,765762.0,632.090485,622.4169999999991,621.3298304400806,73.44800170314417,8.034144000047604,8.246107423760607,-0.21196342371300325,5.088368207679015
SPY,2025-07-24 04:00:00,634.6,636.15,633.99,634.42,71307134.0,764249.0,635.14029,623.781999999999,622.576513255311,73.6014218170283,8.120666880310523,8.22101931507059,-0.10035243476006706,4.879199049987655
SPY,2025-07-25 04:00:00,635.09,637.5799,634.84,637.1,56865364.0,594273.0,636.524889,625.0434999999991,623.959702469091,75.54355330700132,8.309701423191086,8.238755736694689,0.07094568649639754,4.756391974988536
SPY,2025-07-28 04:00:00,637.48,638.04,635.54,636.94,54917102.0,630214.0,636.840101,626.1449999999991,625.1959212815585,75.18790890913986,8.350344424898708,8.261073474335493,0.08927095056321477,4.595221119632212
SPY,2025-07-29 04:00:00,638.35,638.67,634.335,635.26,60556278.0,708687.0,636.075817,627.0154999999991,626.1544049690291,71.3876296807107,8.153009518260546,8.239460683120504,-0.08645116485995707,4.576633896801334
SPY,2025-07-30 04:00:00,635.92,637.68,631.54,634.46,80413429.0,820273.0,634.709485,627.8559999999991,626.9454140195977,69.58402061765892,7.84167294447559,8.15990313539152,-0.31823019091592997,4.688302904172667
SPY,2025-07-31 04:00:00,639.455,639.85,630.765,632.08,103385246.0,1017926.0,635.332486,628.437499999999,627.4344222082075,64.37331015463154,7.3185269343081245,7.991627895174841,-0.6731009608667167,5.002352696731764
SPY,2025-08-01 04:00:00,626.3,626.34,619.29,621.72,140103572.0,1466043.0,622.167703,628.2564999999989,626.8901915217116,47.64727593142239,5.998813941335811,7.593065104407035,-1.594251163071224,5.558613218393787
SPY,2025-08-04 04:00:00,625.67,631.215,625.58,631.17,73218015.0,802217.0,629.502285,628.7809999999989,627.2977923291676,58.292563017535414,5.650334372011798,7.204518957927988,-1.5541845859161896,5.8397837027942305
SPY,2025-08-05 04:00:00,631.79,632.6052,627.04,627.97,68051401.0,806967.0,629.048533,629.1624999999989,627.3618121073421,54.26846556824076,5.057647138244988,6.775144593991388,-1.7174974557463996,5.820170581166072
SPY,2025-08-06 04:00:00,629.05,633.44,628.13,632.78,64357525.0,690531.0,631.543336,629.5984999999989,627.877830001881,58.865153311737984,4.919357742692682,6.403987223731646,-1.4846294810389642,5.795158396797069
SPY,2025-08-07 04:00:00,636.24,636.98,629.11,632.25,74205791.0,835614.0,632.317282,629.9199999999989,628.2942271445589,58.171322403480794,4.712671090989943,6.065723997183306,-1.353052906193363,5.943361368454421
SPY,2025-08-08 04:00:00,634.06,637.645,633.74,637.18,64051626.0,705058.0,636.423539,630.5979999999989,629.1404912260296,62.588603312022514,4.890307804431018,5.830640758632848,-0.9403329542018302,5.904192699279103
SPY,2025-08-11 04:00:00,637.46,638.95,634.66,635.92,58742300.0,669920.0,636.758188,631.153499999999,629.7861587283124,60.8207708162949,4.873239043686226,5.6391604156435235,-0.7659213719572975,5.788893220759173
SPY,2025-08-12 04:00:00,638.29,642.85,636.79,642.69,64821798.0,761232.0,640.71696,632.180999999999,631.0150959922827,66.32456161105594,5.344387575368387,5.580205847588497,-0.23581827222010965,5.870400847847807
SPY,2025-08-13 04:00:00,644.91,646.19,642.68,644.89,60092790.0,672682.0,644.269294,633.214499999999,632.3365154215891,67.90252040160502,5.828114914146454,5.629787660900088,0.19832725324636602,5.701800787287256
SPY,2025-08-14 04:00:00,642.79,645.62,642.34,644.95,59327466.0,682668.0,644.314136,634.0599999999991,633.5377996671521,67.94663367636022,6.145472630691643,5.732924654858399,0.41254797583324354,5.528815016766736
SPY,2025-08-15 04:00:00,645.99,646.09,642.5153,643.44,68592507.0,637298.0,643.988974,634.8529999999992,634.4808663655185,65.50661090850168,6.203624999714975,5.827064723829714,0.37656027588526086,5.38923537271197
SPY,2025-08-18 04:00:00,642.86,644.0,642.18,643.3,43804914.0,583828.0,643.155983,635.5794999999991,635.3207838545168,65.27256965482265,6.167321300235017,5.895116039110775,0.2722052611242418,5.134289988946833
SPY,2025-08-19 04:00:00,643.12,644.105,638.48,639.81,69750731.0,769488.0,640.687476,636.126999999999,635.7483282493247,59.559849488345705,5.790190808617012,5.874130993012022,-0.08394018439500961,5.169340704022059
SPY,2025-08-20 04:00:00,639.4,639.66,632.95,638.11,88890298.0,1033790.0,636.510518,636.321999999999,635.9732493684367,56.94540684526193,5.293120585171323,5.757928911443882,-0.46480832627255886,5.290102082306191
SPY,2025-08-21 04:00:00,636.28,637.97,633.81,635.55,54805775.0,617474.0,635.846039,636.378499999999,635.932939904776,53.16102784848298,4.639141115689199,5.534171352292946,-0.8950302366037466,5.219380504998611
SPY,2025-08-22 04:00:00,637.76,646.5,637.25,645.31,84083214.0,924994.0,644.412217,636.788999999999,636.8259932471783,63.20161695868052,4.852471832013066,5.397831448236969,-0.5453596162239034,5.628710468927285
SPY,2025-08-25 04:00:00,644.04,645.29,642.35,642.47,51274332.0,657583.0,644.051865,637.0654999999989,637.363517699828,59.22331487997978,4.737759751275121,5.265817108844599,-0.5280573575694785,5.438088292575331
SPY,2025-08-26 04:00:00,642.2,645.51,641.57,645.16,51581565.0,575104.0,643.564606,637.5604999999989,638.1060398236539,61.683533188957085,4.808480944414669,5.1743498759586135,-0.36586893154394495,5.331081985962803
SPY,2025-08-27 04:00:00,644.57,647.37,644.42,646.63,48341069.0,514537.0,646.327808,638.1689999999988,638.9178455547344,62.99737769552313,4.926356740242909,5.124751248815473,-0.19839450857256402,5.161004701251178
SPY,2025-08-28 04:00:00,647.24,649.48,645.34,648.92,61519461.0,595301.0,647.839384,639.0109999999988,639.8704316923787,65.0101884678833,5.145246816857707,5.12885036242392,0.0163964544337869,5.08807579401895
SPY,2025-08-29 04:00:00,647.47,647.84,643.14,645.05,74423178.0,747542.0,644.73186,640.1774999999989,640.3637239121522,59.154003885674065,4.949388651050413,5.092958020149219,-0.14356936909880602,5.1374989515890235
SPY,2025-09-02 04:00:00,637.5,640.49,634.92,640.27,81983545.0,903028.0,638.052767,640.6324999999989,640.3547978252806,52.82449126761666,4.3582246903631585,4.946011354192007,-0.5877866638288483,5.494106169332665
SPY,2025-09-03 04:00:00,642.67,644.21,640.46,643.74,70820898.0,818583.0,642.393574,641.4209999999989,640.6771980323967,56.46615168554333,4.122204781672394,4.781250039688084,-0.6590452580156896,5.3830985858089075
SPY,2025-09-04 04:00:00,644.42,649.15,643.51,649.12,65219228.0,743467.0,646.672384,642.2379999999989,641.4812744102637,61.43660094053844,4.319485995300283,4.6888972308105235,-0.36941123551024013,5.4014486868225555
SPY,2025-09-05 04:00:00,651.48,652.21,643.33,647.24,84304124.0,988454.0,646.993141,642.9874999999989,642.0297244664291,58.905638449127615,4.274854627113541,4.606088710071127,-0.33123408295758594,5.649916637763801
SPY,2025-09-08 04:00:00,648.62,649.84,647.23,648.83,63130164.0,773415.0,648.48861,643.5699999999989,642.6773697553406,60.39180518698055,4.318008345746534,4.548472637206208,-0.23046429145967373,5.432779735066388
SPY,2025-09-09 04:00:00,648.97,650.86,647.22,650.33,66133856.0,684357.0,649.224848,644.2904999999989,643.4061916834033,61.7955185271389,4.422268286604435,4.5232317670858535,-0.10096348048141834,5.304724039704502
SPY,2025-09-10 04:00:00,653.62,654.55,650.63,652.21,78034529.0,841963.0,652.673145,644.7664999999988,644.2446496183173,63.53959736187282,4.603528715634297,4.539291156795542,0.06423755883875515,5.227243751154175
SPY,2025-09-11 04:00:00,654.18,658.33,653.59,657.63,69895740.0,754957.0,656.838382,645.4034999999988,645.5194448927633,68.06579972824548,5.125444678940994,4.656521861224633,0.46892281771636135,5.291012054643162
SPY,2025-09-12 04:00:00,657.6,659.11,656.9,657.41,72780135.0,683140.0,657.953046,646.0264999999988,646.6518787125001,67.69843352120974,5.458393713680607,4.816896231715828,0.6414974819647794,5.070939765025797
SPY,2025-09-15 04:00:00,659.64,661.04,659.34,660.91,63772412.0,771637.0,660.304498,646.8999999999987,648.0097950255953,70.43253362418963,5.936249581767925,5.040766901726247,0.8954826800416775,4.968015496095382
SPY,2025-09-16 04:00:00,661.47,661.78,659.21,660.0,61168953.0,755515.0,660.207825,647.7349999999988,649.151719308872,68.80192605274961,6.170395921930208,5.266692705767039,0.9037032161631684,4.796728674945707
SPY,2025-09-17 04:00:00,660.01,661.72,654.3,659.18,101952244.0,1070032.0,658.884385,648.7034999999988,650.106793660408,67.29015911890403,6.218112901579502,5.456976744929532,0.7611361566499699,4.984105198163876
SPY,2025-09-18 04:00:00,661.89,664.89,660.27,662.26,90458735.0,951829.0,662.825154,649.9109999999988,651.2642418832263,69.96011485355238,6.430334319805183,5.651648259904663,0.7786860599005205,5.035954826866459
SPY,2025-09-19 04:00:00,662.33,664.55,660.37,663.7,97945620.0,842334.0,662.65786,651.3184999999988,652.4485997991095,71.14596193513188,6.638196293403098,5.84895786660435,0.7892384267987484,4.974815196375994
SPY,2025-09-22 04:00:00,662.2,667.29,662.17,666.84,69452201.0,795553.0,665.428239,652.3949999999988,653.8192093420514,73.59382829247465,6.975886485898286,6.074343590463137,0.9015428954351492,4.985185539491995
SPY,2025-09-23 04:00:00,666.72,667.34,661.98,663.21,81708872.0,896647.0,664.434604,653.4319999999989,654.7135703570941,66.56345157125068,6.871388642572242,6.233752600884958,0.6376360416872844,5.011958000956853
SPY,2025-09-24 04:00:00,664.51,664.61,659.67,661.1,68082229.0,807609.0,661.597947,654.2289999999989,655.3218017516566,62.80758781462209,6.542891601304632,6.295580400968893,0.24731120033573895,5.006818143745654
SPY,2025-09-25 04:00:00,657.94,659.4056,654.405,658.05,89622067.0,935968.0,657.338549,654.7999999999989,655.5816301562608,57.736227506517444,5.967654413971786,6.229995203569471,-0.26234078959768503,5.127402562049539
SPY,2025-09-26 04:00:00,659.51,662.37,657.88,661.82,69179209.0,769909.0,660.616791,655.4449999999989,656.1757606175693,61.837983848402054,5.749703290973457,6.133936821050268,-0.38423353007681094,5.08187380761743
SPY,2025-09-29 04:00:00,664.36,665.28,661.86,663.68,73499015.0,763838.0,663.523234,656.3764999999989,656.8904500825627,63.7093248107479,5.661796248271457,6.039508706494506,-0.37771245822304866,4.966025678501893
SPY,2025-09-30 04:00:00,662.93,666.65,661.61,666.18,86288028.0,772090.0,664.127451,657.6719999999989,657.7751691223186,66.1145028130585,5.727831513980391,5.977173267991683,-0.24934175401129188,4.9713095586088984
SPY,2025-10-01 04:00:00,663.17,669.37,663.06,668.45,72545369.0,974350.0,666.876307,658.907499999999,658.7918196820979,68.17686825786784,5.8953767333936185,5.96081396107207,-0.06543722767845139,5.066930304422553
SPY,2025-10-02 04:00:00,670.45,670.565,666.78,669.22,56895993.0,743850.0,668.850456,659.9124999999989,659.7849797123743,68.86900875702095,6.0208850764279305,5.972828184143242,0.04805689228468868,4.9753638541066625
SPY,2025-10-03 04:00:00,669.99,672.675,668.16,669.21,70494350.0,895359.0,670.468624,661.010999999999,660.6826006921482,68.848065846008,6.049806028076773,5.988223752929948,0.061582275146824905,4.942480721670472
SPY,2025-10-06 04:00:00,671.62,672.51,669.455,671.61,54623260.0,873508.0,671.317365,662.149999999999,661.7233053881341,71.11811215797654,6.194974226342083,6.029573847612375,0.16540037872970803,4.825160670122577
SPY,2025-10-07 04:00:00,672.54,672.99,667.67,669.12,72020067.0,947296.0,669.598888,663.089499999999,662.4277524940261,65.76373498417199,6.0394795186998635,6.031554981829872,0.007924536869991172,4.860506336542396
SPY,2025-10-08 04:00:00,670.25,673.2056,669.42,673.11,60702241.0,747743.0,672.116743,664.134499999999,663.445109399357,69.7003631561698,6.167117801673044,6.058667545798507,0.10845025587453705,4.805155883932224
SPY,2025-10-09 04:00:00,673.53,673.94,669.21,671.16,66501941.0,802889.0,671.023115,664.810999999999,664.1798608851325,65.72294345048354,6.0412832051230225,6.0551906776634095,-0.013907472540386934,4.799787606508495
SPY,2025-10-10 04:00:00,672.13,673.95,652.84,653.02,159422589.0,1778637.0,662.07522,664.5914999999991,663.1170169913104,41.816974787327446,4.426782786684953,5.729509099467718,-1.3027263127827649,5.964802777472174
SPY,2025-10-13 04:00:00,660.65,665.13,659.7679,663.04,79560517.0,1125900.0,662.346651,664.6979999999991,663.109682039757,52.16681729831601,3.9107293786587434,5.365753155305923,-1.4550237766471792,6.403745436224163
SPY,2025-10-14 04:00:00,657.17,665.83,653.17,662.23,88779560.0,1177809.0,661.056437,664.809499999999,663.0259027978753,51.37128132679706,3.397231929308873,4.972048910106513,-1.5748169807976398,6.850620762208158
SPY,2025-10-15 04:00:00,666.82,670.23,658.93,665.17,81702555.0,1067025.0,665.245431,665.108999999999,663.230102531411,54.10692562447373,3.1907341336152513,4.615785954808261,-1.4250518211930094,7.1684335649075805
SPY,2025-10-16 04:00:00,666.82,668.71,657.11,660.64,110563346.0,1443490.0,662.638242,665.027999999999,662.9834260998481,49.48740376692748,2.6312189474322167,4.218872553333052,-1.5876536059008348,7.484974024557041
SPY,2025-10-17 04:00:00,659.5,665.755,658.14,664.39,96500870.0,1156217.0,662.131654,665.0624999999989,663.1173855189102,53.0601610466793,2.462012246605809,3.8675004919876033,-1.405488245381794,7.4942615942315385
SPY,2025-10-20 04:00:00,667.32,672.21,667.27,671.3,60492650.0,858129.0,670.723645,665.2854999999988,663.8966821361569,58.83760709714435,2.8526108457122064,3.664522562732524,-0.8119117170203176,7.5175286232150045
SPY,2025-10-21 04:00:00,671.44,672.99,669.981,671.29,56248835.0,831016.0,671.751723,665.6894999999989,664.6008076469991,58.82632284864317,3.1253292826677352,3.556683906719566,-0.4313546240518309,7.195490864413934
SPY,2025-10-22 04:00:00,672.0,672.0,663.3,667.8,80564006.0,963659.0,667.586309,666.0244999999989,664.9054926329992,54.871096102875974,3.0249767272036934,3.4503424708163917,-0.4253657436126983,7.302955802670084
SPY,2025-10-23 04:00:00,668.12,672.7101,667.8,671.76,65604461.0,767072.0,670.89345,666.7099999999989,665.5583028584279,58.2973371450937,3.2277776968292073,3.405829516018955,-0.17805181918974755,7.132037531050797
SPY,2025-10-24 04:00:00,676.46,678.47,675.65,677.25,74356527.0,762628.0,677.52846,667.481499999999,666.6717978242918,62.54310937763542,3.787832271928096,3.482230067200783,0.3056022047273128,7.101891993118599
SPY,2025-10-27 04:00:00,682.73,685.54,682.115,685.24,63293828.0,811233.0,683.854334,668.5594999999989,668.4401980315022,67.69761085448587,4.820834206584664,3.7499508950775593,1.0708833115071044,7.186756850752983
SPY,2025-10-28 04:00:00,687.05,688.905,684.83,687.06,61737972.0,759679.0,686.90284,669.6034999999989,670.2135125046924,68.7524358347409,5.720413110300456,4.144043338122138,1.5763697721783174,6.964488504270622
SPY,2025-10-29 04:00:00,688.72,689.7,682.87,687.39,85340645.0,1044645.0,687.171371,670.5504999999988,671.8493684566265,68.9504192162327,6.3863462900174,4.59250392850119,1.7938423615162096,6.954882182537008
SPY,2025-10-30 04:00:00,683.9,685.94,679.83,679.83,76335751.0,971938.0,682.922797,671.0809999999989,672.6094286036144,59.629360202016926,6.232233011561789,4.92044974511331,1.3117832664484785,6.99810488378436
SPY,2025-10-31 04:00:00,685.04,685.08,679.24,682.06,87164122.0,990900.0,682.653504,671.7234999999989,673.5094830223178,61.29162804394037,6.218358129449143,5.180031421980477,1.0383267074686664,6.915383106371194
SPY,2025-11-03 05:00:00,685.67,685.8,679.94,683.34,57315025.0,870106.0,682.9317,672.3099999999988,674.445722734478,62.252387459935164,6.238731277315878,5.3917713930475575,0.8469598842683208,6.839998598773244
SPY,2025-11-04 05:00:00,676.11,679.96,674.58,675.24,78426969.0,1140117.0,676.508167,672.6159999999988,674.5213681883372,53.24589645250256,5.537442646415798,5.4209056437212055,0.11653700269459222,6.977141556003725
SPY,2025-11-05 05:00:00,674.98,680.86,674.17,677.58,74402376.0,904366.0,678.412595,672.8394999999988,674.8126664561146,55.25968633378523,5.111561894042097,5.359036893785384,-0.2474749997432868,6.956631444860606
SPY,2025-11-06 05:00:00,676.47,677.38,668.72,670.31,85035298.0,1184829.0,671.984134,672.7969999999988,674.3838410793418,48.29922788934439,4.13970020036993,5.115169555102293,-0.975469354732363,7.092586341656278
SPY,2025-11-07 05:00:00,667.91,671.08,661.205,670.97,100592443.0,1399072.0,666.112643,673.6944999999987,674.0587133574998,48.92816196528348,3.383743600480102,4.768884364177855,-1.3851407636977529,7.2913301743951155
SPY,2025-11-10 05:00:00,677.235,682.18,675.03,681.44,75842888.0,1141759.0,679.201354,674.6144999999987,674.7616930377379,57.71582487077617,3.588122405689205,4.532731972480125,-0.9446095667909198,7.571235161938317
SPY,2025-11-11 05:00:00,679.95,683.57,678.73,683.0,58953385.0,828375.0,681.583161,675.6529999999987,675.5462937008105,58.85189296189688,3.8318024108450572,4.392546060153111,-0.560743649308054,7.376146936085582
SPY,2025-11-12 05:00:00,684.79,684.96,680.945,683.38,62312484.0,995928.0,683.119593,676.5634999999986,676.2923609674,59.13987794374454,4.009365920174105,4.31591003215731,-0.3065441119832055,7.136065012079468
SPY,2025-11-13 05:00:00,680.5,680.86,670.52,672.04,103457788.0,1420394.0,674.522143,677.1334999999987,675.8873742086,48.28048098615871,3.198176465429924,4.092363318811833,-0.8941868533819086,7.54491751121665
SPY,2025-11-14 05:00:00,665.38,675.66,663.265,671.93,96846672.0,1468545.0,671.317961,677.5104999999987,675.5104814268286,48.18804758588243,2.5174077876055208,3.77737221257057,-1.2599644249650495,7.891351974701174
SPY,2025-11-17 05:00:00,669.7,673.71,662.17,665.67,90456105.0,1485606.0,667.738819,677.2289999999987,674.5732927195116,43.12770394321513,1.455980387172076,3.3130938474908715,-1.8571134603187955,8.151969690793953
SPY,2025-11-18 05:00:00,662.095,665.12,655.86,660.08,114467488.0,1760650.0,661.122076,676.6684999999987,673.1929791271772,39.171877530642966,0.1618594280043908,2.682846963593575,-2.5209875355891844,8.270400427165809
SPY,2025-11-19 05:00:00,660.78,667.34,658.745,662.63,94702955.0,1420436.0,662.617721,676.4099999999987,672.1869811150651,41.79462823139674,-0.6504787528592715,2.016181820303006,-2.6666605731622774,8.293586110939682
SPY,2025-11-20 05:00:00,672.91,675.56,651.89,652.53,165293521.0,2439639.0,661.717018,675.4484999999988,670.3148876755351,35.302034705588355,-2.085211187976256,1.1959032186471537,-3.2811144066234097,9.391901388729703
SPY,2025-11-21 05:00:00,655.05,664.55,650.85,659.03,123956203.0,1714976.0,657.972356,674.5374999999988,669.2401364683413,41.59067300505354,-2.667007697677832,0.4233210353821565,-3.0903287330599882,9.699622718106147
SPY,2025-11-24 05:00:00,662.69,670.06,661.59,668.73,80437940.0,1079031.0,667.491683,673.7119999999989,669.191552042785,49.48208114847333,-2.31864875003464,-0.12507292170120288,-2.1935758283334374,9.794649666812848
SPY,2025-11-25 05:00:00,668.63,676.21,664.48,675.02,81077088.0,1114924.0,671.640568,673.1099999999989,669.7466423244246,53.837456856510336,-1.517528221253997,-0.4035639816117617,-1.1139642396422351,9.932888976326216
SPY,2025-11-26 05:00:00,677.63,681.7,676.72,679.68,71879597.0,881264.0,680.09272,672.7244999999989,670.6926763887651,56.80843251571238,-0.5008380266680206,-0.4230187906230135,-0.07781923604500707,9.70053976373149
SPY,2025-11-28 05:00:00,680.86,683.665,680.5,683.39,49212030.0,568720.0,682.350281,672.9024999999989,671.9019453041208,59.06711112983378,0.5973760919014239,-0.218939814118126,0.81631590601955,9.292286923464957
SPY,2025-12-01 05:00:00,678.81,682.99,678.74,680.27,61201193.0,822174.0,680.719083,672.812999999999,672.6989028942045,56.39613396195752,1.202103665231789,0.065268881751857,1.136834783479932,8.960695000360316
SPY,2025-12-02 05:00:00,681.92,683.82,679.3275,681.53,62953844.0,828603.0,681.840994,672.722499999999,673.5399597614231,57.23712615302474,1.7627067079808967,0.404756446997665,1.3579502609832317,8.641538214620297
SPY,2025-12-03 05:00:00,680.57,684.91,679.69,683.89,57238481.0,728672.0,683.053074,673.154999999999,674.5256778793828,58.838470077166505,2.3700998986478226,0.7978251373276966,1.572274761320126,8.3971426278617
SPY,2025-12-04 05:00:00,685.3,685.37,681.34,684.39,61970336.0,850813.0,683.570788,673.4954999999989,675.4651371289654,59.18717420032631,2.8588541090148283,1.210030931665123,1.6488231773497053,8.085203868728719
SPY,2025-12-05 05:00:00,685.47,688.39,684.58,685.69,79241045.0,920639.0,686.205969,674.264499999999,676.4389335928735,60.132842598316735,3.312905366607083,1.630605818653515,1.682299547953568,7.793403592390953
SPY,2025-12-08 05:00:00,686.59,686.64,681.57,683.63,55231462.0,972851.0,683.575849,674.8974999999989,677.1237970602189,57.84555510566638,3.466559139744959,1.9977964828718038,1.468762656873155,7.598874764363023
SPY,2025-12-09 05:00:00,683.15,685.385,682.59,683.04,58310055.0,890130.0,683.882627,674.9774999999988,677.6872449592456,57.17477074663204,3.50037267551113,2.298311721399669,1.2020609541114613,7.255740852622805
SPY,2025-12-10 05:00:00,682.56,688.97,681.31,687.57,85671334.0,1116986.0,685.247422,675.2059999999989,678.6284597250318,60.921731314368884,3.8483419964048835,2.6083177764007117,1.2400242200041718,7.284616506006897
SPY,2025-12-11 05:00:00,685.14,689.25,682.165,689.17,86173678.0,1091888.0,686.724569,675.4954999999989,679.6324159416954,62.180375861319185,4.204747111106144,2.927603643341798,1.277143467764346,7.270358184149264
SPY,2025-12-12 05:00:00,688.17,688.88,679.1744,681.76,113160347.0,1436024.0,682.784771,675.9814999999988,679.8350429948673,53.574265375643215,3.8449534304749022,3.1110736007684188,0.7338798297064835,7.465018313852886
SPY,2025-12-15 05:00:00,685.74,685.76,679.25,680.73,90810952.0,1453102.0,681.378547,676.4214999999988,679.9202769953562,52.48681979190211,3.437081419376568,3.1762751644900487,0.26080625488651954,7.39680272000625
SPY,2025-12-16 05:00:00,679.23,681.08,674.98,678.87,122030631.0,1412023.0,678.295578,677.0814999999989,679.820250614846,50.4936315397576,2.9299784885231475,3.1270158292966683,-0.19703734077352086,7.30417395429152
SPY,2025-12-17 05:00:00,679.89,680.435,671.195,671.4,110625198.0,1388728.0,674.419992,677.6474999999989,679.0183219848607,43.37030467024078,1.903388118327257,2.8822902871027862,-0.9789021687755293,7.44244724327069
SPY,2025-12-18 05:00:00,677.6,680.74,674.9,676.47,108650128.0,1510342.0,677.772072,678.3394999999989,678.7756246529692,48.663794382930625,1.481832835486216,2.602198796779472,-1.1203659612932562,7.577986725894214
SPY,2025-12-19 05:00:00,676.59,681.09,676.47,680.59,103599543.0,1113777.0,679.903065,679.7424999999988,678.9484223050674,52.545719730322304,1.4633284647647997,2.374424730376538,-0.9110962656117381,7.366701959758913
SPY,2025-12-22 05:00:00,683.94,685.36,680.5868,684.83,69556733.0,806680.0,684.360955,681.0324999999988,679.5085725617276,56.21516531478943,1.7703882487891178,2.253617434059054,-0.48322918526993597,7.1814518197761315
SPY,2025-12-23 05:00:00,683.92,688.2,683.87,687.96,64839951.0,710909.0,686.880983,681.9939999999988,680.3134704129917,58.75089390116298,2.240473398679569,2.250988626983157,-0.010515228303587865,6.977776689792124
SPY,2025-12-24 05:00:00,687.95,690.83,687.8,690.38,39445560.0,439656.0,689.740875,682.7619999999987,681.2721875165163,60.64845826690426,2.7762897024548465,2.3560488420774948,0.42024086037735175,6.695792640521264
SPY,2025-12-26 05:00:00,690.64,691.66,689.27,690.31,41613347.0,587527.0,690.300899,683.2934999999986,682.1329315625624,60.56167276202993,3.158866126182488,2.5166122988984934,0.6422538272839948,6.388236023341173
SPY,2025-12-29 05:00:00,687.54,689.2,686.07,687.85,62559503.0,782231.0,687.628428,683.5164999999987,682.6774142708898,57.450371800487666,3.2263676988900443,2.6585633788968037,0.5678043199932405,6.23479059310251
SPY,2025-12-30 05:00:00,687.445,688.555,686.58,687.01,47160671.0,609770.0,687.488582,683.8534999999987,683.090041483186,56.38515549477453,3.1754772763802066,2.761946158393484,0.4135311179867225,5.930519836452324
SPY,2025-12-31 05:00:00,687.14,687.36,681.71,681.92,74144801.0,900617.0,684.337388,683.8729999999987,682.9786089609778,50.299194407848006,2.693378201463588,2.7482325670075047,-0.05485436554391665,5.910482705277156
SPY,2026-01-02 05:00:00,685.71,686.87,679.82,683.17,89377203.0,1251774.0,682.941955,683.8369999999987,682.9968366789799,51.67856550375186,2.384686582067843,2.6755233700195724,-0.2908367879517293,5.991876797757356
SPY,2026-01-05 05:00:00,686.54,689.43,686.375,687.72,71753091.0,957054.0,687.947332,684.0034999999987,683.4466617571723,56.4198151976522,2.4786212212070495,2.6361429402570677,-0.15752171905001822,6.0110284550604005
SPY,2026-01-06 05:00:00,687.93,692.315,687.78,691.81,69273827.0,999399.0,690.536149,684.3094999999987,684.2431701612511,60.20015615833946,2.850238146786751,2.6789619815630044,0.17127616522374645,5.909883565413231
SPY,2026-01-07 05:00:00,692.19,693.96,689.32,689.58,75588337.0,999349.0,691.744789,684.6069999999987,684.7514396697034,57.282525589049726,2.9310179244142773,2.729373170133259,0.20164475428101847,5.819177596455142
SPY,2026-01-08 05:00:00,688.82,690.615,687.49,689.51,64019200.0,946792.0,689.225822,684.9304999999987,685.2046358916364,57.18882943807693,2.9553209647274343,2.774562729052094,0.18075823567534055,5.626736339565489
SPY,2026-01-09 05:00:00,690.63,695.31,689.18,694.07,80125467.0,992587.0,693.204385,685.2554999999986,686.0489562829091,61.59570580432617,3.3044436206454293,2.880538907370761,0.4239047132746685,5.66268374388224
SPY,2026-01-12 05:00:00,690.68,696.09,690.63,695.16,63976002.0,905312.0,694.288513,685.5549999999987,686.9166747321558,62.58708911184071,3.6272668568132076,3.0298844972592502,0.5973823595539574,5.648206333604939
SPY,2026-01-13 05:00:00,695.49,696.09,691.35,693.77,78309726.0,1084111.0,693.512904,686.1554999999987,687.5693723767124,60.44424891157336,3.727971479374105,3.169501893682221,0.558469585691884,5.583334452633159
SPY,2026-01-14 05:00:00,691.0,691.72,686.04,690.36,94676684.0,1295904.0,688.594988,686.6369999999987,687.8351464360732,55.430335798861286,3.4923643149488726,3.2340743779355514,0.25828993701332115,5.736667706016506
SPY,2026-01-15 05:00:00,694.57,695.45,691.25,692.24,77861974.0,1110018.0,693.573776,687.3054999999987,688.2546562993043,57.52237674628818,3.4179442936475652,3.270848361077954,0.14709593256961107,5.690477155586758
SPY,2026-01-16 05:00:00,693.66,694.25,690.1,691.66,79289200.0,1000260.0,692.340042,688.3184999999987,688.5789747469896,56.63908960039199,3.2744192707631328,3.2715625430149897,0.002856727748143051,5.5804430730448455
SPY,2026-01-20 05:00:00,681.49,684.77,676.57,677.58,111623277.0,1533779.0,680.478406,688.3739999999987,687.5314533425144,40.414821939688785,2.0014646884945932,3.0175429721109106,-1.0160782836163174,6.2596971392559215
SPY,2026-01-21 05:00:00,679.65,688.735,678.13,685.4,127844467.0,1731689.0,683.228757,688.6144999999987,687.3284577860844,49.130395645373966,1.6051445492414587,2.73506328753702,-1.1299187382955616,6.609361629309069
SPY,2026-01-22 05:00:00,689.85,691.125,686.92,688.98,77112243.0,1003227.0,689.246338,688.8219999999986,687.4857475207431,52.552050092012216,1.5619291176415118,2.5004364535579184,-0.9385073359164067,6.54619294150128
SPY,2026-01-23 05:00:00,688.15,690.96,687.16,689.23,63059578.0,901616.0,689.206509,688.8854999999987,687.6518668044819,52.79085628035338,1.5302141314291475,2.3063919891321643,-0.7761778577030167,6.350036302822622
SPY,2026-01-26 05:00:00,690.49,694.13,689.92,692.73,60473813.0,831181.0,692.978345,689.0029999999987,688.1354985373883,56.12053383548592,1.7671301492806606,2.1985396211618635,-0.43140947188120293,6.246462281192434
SPY,2026-01-27 05:00:00,694.18,696.53,693.57,695.49,55506147.0,708562.0,695.59338,689.2619999999987,688.8359272481133,58.600236650443506,2.1527808168364118,2.1893878602967733,-0.03660704346036159,6.071714975392971
SPY,2026-01-28 05:00:00,697.05,697.84,693.94,695.42,61172165.0,865563.0,695.773378,689.6404999999987,689.462981795912,58.50992547684676,2.4248116154417403,2.236472611325767,0.18833900411597337,5.916592477150615
SPY,2026-01-29 05:00:00,696.39,697.06,684.83,694.04,97486198.0,1426084.0,690.725493,689.9919999999987,689.8988882915395,56.65615920708513,2.5002225076203786,2.2892225905846892,0.21099991703568932,6.3675501573541355
SPY,2026-01-30 05:00:00,691.79,694.21,687.12,691.97,101835131.0,1203680.0,691.332563,690.4944999999987,690.0961370256786,53.89766954624754,2.3656843461350263,2.3045149416947566,0.06116940444026975,6.419153717543128
SPY,2026-02-02 05:00:00,689.58,696.93,69.005,695.41,79286521.0,1104182.0,694.955194,691.1064999999987,690.6022192137092,57.59285348755627,2.5077335433059034,2.3451586620169858,0.16257488128891762,50.812428452004326
SPY,2026-02-03 05:00:00,696.21,696.96,684.03,689.53,107904611.0,1530140.0,689.738077,691.1969999999988,690.5001030981178,50.18799749311674,2.1213876602539585,2.3004044616643804,-0.17901680141042187,48.106540705432586
SPY,2026-02-04 05:00:00,690.35,691.45,681.76,686.19,105204600.0,1712102.0,686.716173,690.9159999999988,690.0896170887733,46.52850435573564,1.5280809124468533,2.145939751820875,-0.6178588393740219,45.36250208361598
SPY,2026-02-05 05:00:00,680.94,683.69,675.79,677.62,113610812.0,1703564.0,679.01231,690.3179999999988,688.9020345088901,38.725869469011535,0.36217869222821264,1.7891875399023427,-1.42700884767413,42.86518050621485
SPY,2026-02-06 05:00:00,681.46,692.31,680.85,690.62,89127566.0,1394903.0,687.550511,690.3734999999989,689.0656502699482,51.90220328475219,0.4816321813192417,1.5276764681857224,-1.0460442868664808,40.852667612913784
SPY,2026-02-09 05:00:00,689.42,695.87,688.34,693.95,73885192.0,1089458.0,693.630023,690.3674999999989,689.530826434715,54.59560357703117,0.8353734370878101,1.3892158619661399,-0.5538424248783298,38.47247706913423
SPY,2026-02-10 05:00:00,694.95,696.54,691.66,692.12,65185725.0,997736.0,694.069154,690.215499999999,689.7774143933135,52.844284485921236,0.9570183134069339,1.3027763522542988,-0.3457580388473649,36.073014421338925
SPY,2026-02-11 05:00:00,696.39,697.14,689.18,691.96,76353872.0,1150411.0,692.677678,690.1249999999989,689.9852796891884,52.685155442421205,1.0286544038175407,1.247951962566947,-0.21929755874940637,34.06494196267186
SPY,2026-02-12 05:00:00,694.24,695.35,680.37,681.27,118828963.0,1710468.0,685.899151,689.6704999999989,689.1552530521228,43.30283669030429,0.22029345580517656,1.042420261214593,-0.8221268054094164,32.701731822481015
SPY,2026-02-13 05:00:00,681.69,686.28,677.52,681.75,96267487.0,1319885.0,682.650214,689.1459999999989,688.4499908566826,43.78690608183787,-0.37725763971229753,0.7584846810292148,-1.1357423207415125,30.99160812087523
SPY,2026-02-17 05:00:00,680.14,684.94,675.78,682.85,81354660.0,1280864.0,681.104238,688.7054999999989,687.9166583941413,44.94692220744432,-0.753375932328936,0.45611255835758463,-1.2094884906865206,29.432207540812723
SPY,2026-02-18 05:00:00,684.02,689.15,682.83,686.29,73570341.0,975708.0,686.531466,689.1409999999989,687.7617385470802,48.524411160971056,-0.765054071190093,0.21187923244804907,-0.9769333036381421,27.78133557361181
SPY,2026-02-19 05:00:00,683.84,686.18,681.5475,684.48,58649363.0,898459.0,683.791086,689.0949999999989,687.4491920187869,46.8011234468714,-0.9098725096574753,-0.012471115973055807,-0.8974013936844195,26.135704461210963
SPY,2026-02-20 05:00:00,682.32,690.06,681.73,689.43,100033986.0,1280081.0,687.365624,689.1174999999989,687.6378403979501,51.838546345282936,-0.6180935368367955,-0.13359560014580374,-0.4844979366909917,24.863868428267317
